,Gene,Organism
0,rpoD,acidovorans
2,rsfS,acidovorans
3,rpmB,acidovorans
6,infB,acidovorans
9,rpsF,acidovorans
11,nusG,acidovorans
15,rplM,acidovorans
24,rpsQ,acidovorans
26,argG,acidovorans
27,prfB,acidovorans
33,rpsC,acidovorans
39,clpB,acidovorans
40,rpsD,acidovorans
43,rho,acidovorans
46,aspS,acidovorans
50,rplX,acidovorans
54,glyA,acidovorans
56,rpsE,acidovorans
59,rplS,acidovorans
60,sucC,acidovorans
61,pyrG,acidovorans
62,tuf,acidovorans
66,rplE,acidovorans
68,rpsR,acidovorans
69,rplA,acidovorans
71,rpmG,acidovorans
72,rpoB,acidovorans
73,efp,acidovorans
74,carB,acidovorans
75,gatB,acidovorans
80,dnaK,acidovorans
83,fusA,acidovorans
86,rplW,acidovorans
88,carA,acidovorans
89,smc,acidovorans
90,pyrE,acidovorans
91,rpsH,acidovorans
98,ftsY,acidovorans
100,rplI,acidovorans
101,rpoA,acidovorans
104,dnaX,acidovorans
106,guaB,acidovorans
107,rplB,acidovorans
111,infC,acidovorans
112,hutU,acidovorans
115,rplF,acidovorans
116,rplC,acidovorans
120,rpsT,acidovorans
121,obg,acidovorans
122,tatA,acidovorans
123,groL,acidovorans
124,ndk,acidovorans
126,ahcY,acidovorans
127,tyrS,acidovorans
132,purC,acidovorans
134,tsf,acidovorans
135,mdh,acidovorans
137,sucD,acidovorans
140,rplL,acidovorans
141,rplP,acidovorans
142,ddl,acidovorans
144,atpD,acidovorans
147,rplJ,acidovorans
155,nuoD,acidovorans
157,rnr,acidovorans
159,tig,acidovorans
165,rpsB,acidovorans
167,rne,acidovorans
174,rpmC,acidovorans
178,purF,acidovorans
192,rplU,acidovorans
193,rpsM,acidovorans
194,rplY,acidovorans
201,rpoC,acidovorans
204,nusA,acidovorans
206,rpsS,acidovorans
208,glyS,acidovorans
217,thrS,acidovorans
223,rplO,acidovorans
228,mutS,acidovorans
229,serS,acidovorans
237,alaS,acidovorans
241,groS,acidovorans
258,pepA,acidovorans
269,rplT,acidovorans
280,rpmD,acidovorans
291,purL,acidovorans
293,gcvP,acidovorans
298,acpP,acidovorans
301,rplK,acidovorans
305,trpS,acidovorans
307,purM,acidovorans
308,leuA,acidovorans
313,rplR,acidovorans
316,lon,acidovorans
321,rplD,acidovorans
324,rplV,acidovorans
326,infA,acidovorans
328,atpA,acidovorans
349,rpsP,acidovorans
364,rpsO,acidovorans
369,pgk,acidovorans
371,rpmF,acidovorans
375,rpsJ,acidovorans
378,eno,acidovorans
379,ilvC,acidovorans
384,hslU,acidovorans
386,rpsN,acidovorans
396,htpG,acidovorans
398,pnp,acidovorans
419,ackA,acidovorans
428,rpsK,acidovorans
432,purD,acidovorans
444,frr,acidovorans
454,tpiA,acidovorans
459,aroC,acidovorans
465,thiC,acidovorans
470,dxs,acidovorans
496,pheT,acidovorans
514,fmt,acidovorans
520,ppa,acidovorans
547,cmk,acidovorans
554,rpsG,acidovorans
578,ilvE,acidovorans
584,rplN,acidovorans
589,metG,acidovorans
592,gyrA,acidovorans
597,clpP,acidovorans
613,prs,acidovorans
614,atpG,acidovorans
621,argB,acidovorans
626,hisH,acidovorans
628,fumC,acidovorans
640,upp,acidovorans
660,rplQ,acidovorans
664,proA,acidovorans
688,dapB,acidovorans
700,argS,acidovorans
705,rpsI,acidovorans
717,trpA,acidovorans
754,argD,acidovorans
777,ettA,acidovorans
780,hisC,acidovorans
786,dapA,acidovorans
797,rpsU,acidovorans
834,secA,acidovorans
871,grpE,acidovorans
886,hisS,acidovorans
888,hemL,acidovorans
895,asd,acidovorans
899,secB,acidovorans
940,hisD,acidovorans
942,cysS,acidovorans
950,valS,acidovorans
971,proC,acidovorans
994,atpC,acidovorans
996,rpmI,acidovorans
1025,recA,acidovorans
1030,atpH,acidovorans
1032,def,acidovorans
1033,ileS,acidovorans
1053,adk,acidovorans
1078,lepA,acidovorans
1116,glmS,acidovorans
1124,argC,acidovorans
1139,serC,acidovorans
1162,accA,acidovorans
1172,gltX,acidovorans
1185,purH,acidovorans
1196,gcvH,acidovorans
1208,murF,acidovorans
1236,ispG,acidovorans
1257,ftsZ,acidovorans
1261,glmM,acidovorans
1271,kdsA,acidovorans
1281,ffh,acidovorans
1282,glpK,acidovorans
1283,gyrB,acidovorans
1302,prfC,acidovorans
1317,lpxD,acidovorans
1409,purA,acidovorans
1740,folD,acidovorans
1749,map,acidovorans
1773,rlmN,acidovorans
1789,pyrD,acidovorans
1816,hisA,acidovorans
1920,panC,acidovorans
1928,greA,acidovorans
1933,polA,acidovorans
1949,trpB,acidovorans
1966,murC,acidovorans
2022,rpmA,acidovorans
2152,rpsL,acidovorans
2236,leuC,acidovorans
2342,coaBC,acidovorans
2356,metK,acidovorans
2456,clpX,acidovorans
2534,pyrB,acidovorans
2566,mreB,acidovorans
2642,ribH,acidovorans
2707,msrA,acidovorans
2786,rimO,acidovorans
2897,der,acidovorans
3100,murE,acidovorans
3193,tal,acidovorans
3573,guaA,acidovorans
3608,argJ,acidovorans
3777,gmk,acidovorans
3811,lexA,acidovorans
3823,pheS,acidovorans
3837,purE,acidovorans
3846,ftsA,acidovorans
3849,leuB,acidovorans
3851,thiC,aurantiaca
3854,rplC,aurantiaca
3856,rpsD,aurantiaca
3865,accD,aurantiaca
3866,rpsR,aurantiaca
3867,rpsQ,aurantiaca
3877,sucC,aurantiaca
3885,prfA,aurantiaca
3886,pnp,aurantiaca
3888,rpsK,aurantiaca
3889,groL,aurantiaca
3890,dnaK,aurantiaca
3892,rpsB,aurantiaca
3894,rpmE,aurantiaca
3895,tatA,aurantiaca
3902,sucD,aurantiaca
3903,rpmD,aurantiaca
3908,rplB,aurantiaca
3909,gap,aurantiaca
3911,rplY,aurantiaca
3925,tig,aurantiaca
3928,glmU,aurantiaca
3934,rplL,aurantiaca
3935,tuf,aurantiaca
3936,rpoA,aurantiaca
3943,rpsC,aurantiaca
3947,tsf,aurantiaca
3953,groS,aurantiaca
3967,lysS,aurantiaca
3969,rpoB,aurantiaca
3977,rpsJ,aurantiaca
3979,fusA,aurantiaca
3980,rplA,aurantiaca
3982,rplM,aurantiaca
3984,acpP,aurantiaca
3991,eno,aurantiaca
3992,rpsH,aurantiaca
4002,rplO,aurantiaca
4010,ahcY,aurantiaca
4021,tpiA,aurantiaca
4026,argG,aurantiaca
4032,etfA,aurantiaca
4039,rplE,aurantiaca
4041,thrS,aurantiaca
4049,rplK,aurantiaca
4055,rplR,aurantiaca
4075,frr,aurantiaca
4078,ndk,aurantiaca
4083,grpE,aurantiaca
4085,rplJ,aurantiaca
4109,rplW,aurantiaca
4128,aspS,aurantiaca
4130,glnA,aurantiaca
4131,efp,aurantiaca
4135,rpoC,aurantiaca
4168,murE,aurantiaca
4170,rplT,aurantiaca
4187,rpsG,aurantiaca
4196,htpG,aurantiaca
4200,rpsL,aurantiaca
4209,topA,aurantiaca
4221,mdh,aurantiaca
4233,rpmA,aurantiaca
4247,serS,aurantiaca
4250,infC,aurantiaca
4272,rplP,aurantiaca
4281,gcvH,aurantiaca
4284,fumC,aurantiaca
4286,nusA,aurantiaca
4287,atpD,aurantiaca
4301,rplD,aurantiaca
4322,gcvT,aurantiaca
4327,rpoD,aurantiaca
4421,adk,aurantiaca
4436,rplQ,aurantiaca
4441,leuS,aurantiaca
4462,clpP,aurantiaca
4485,gyrB,aurantiaca
4490,glyA,aurantiaca
4495,glyS,aurantiaca
4506,pgk,aurantiaca
4508,argC,aurantiaca
4510,aroC,aurantiaca
4512,rho,aurantiaca
4524,secA,aurantiaca
4534,tal,aurantiaca
4537,purL,aurantiaca
4574,clpX,aurantiaca
4578,atpF,aurantiaca
4631,atpH,aurantiaca
4639,gltX,aurantiaca
4644,metG,aurantiaca
4661,valS,aurantiaca
4675,rplV,aurantiaca
4750,asd,aurantiaca
4774,infB,aurantiaca
4791,nusG,aurantiaca
4839,carB,aurantiaca
4887,rplN,aurantiaca
4901,atpA,aurantiaca
4920,pdhA,aurantiaca
4923,nuoD,aurantiaca
4938,cysK,aurantiaca
4970,rpsS,aurantiaca
5084,lon,aurantiaca
5186,tyrS,aurantiaca
5269,hemE,aurantiaca
5286,pfkA,aurantiaca
5340,prs,aurantiaca
5420,rpsE,aurantiaca
5421,rplI,aurantiaca
5443,rsfS,aurantiaca
5453,typA,aurantiaca
5511,rpsP,aurantiaca
5513,rpsO,aurantiaca
5517,rplF,aurantiaca
5529,rpsI,aurantiaca
5531,argH,aurantiaca
5773,ychF,aurantiaca
5850,pheT,aurantiaca
5883,rimO,aurantiaca
6049,hemL,aurantiaca
6051,argB,aurantiaca
6074,gatC,aurantiaca
6259,trpS,aurantiaca
6264,prmA,aurantiaca
6267,pdhA,baltica
6268,rpsE,baltica
6273,prfB,baltica
6275,atpF,baltica
6283,dnaK,baltica
6287,fusA,baltica
6289,rplB,baltica
6291,rplQ,baltica
6294,sucD,baltica
6297,rpsB,baltica
6298,rpsK,baltica
6300,rpsH,baltica
6302,infB,baltica
6304,rplX,baltica
6305,rpsM,baltica
6310,rpsP,baltica
6311,clpP,baltica
6315,tsf,baltica
6316,rplU,baltica
6319,tuf,baltica
6324,dxs,baltica
6341,rplL,baltica
6346,argH,baltica
6351,rpsT,baltica
6360,rpsU,baltica
6362,rpsQ,baltica
6363,rplC,baltica
6365,rplI,baltica
6366,rpsD,baltica
6379,rplD,baltica
6402,purA,baltica
6405,rplM,baltica
6409,rplO,baltica
6423,rplK,baltica
6425,rplF,baltica
6427,infA,baltica
6428,rplA,baltica
6432,eno,baltica
6438,fumC,baltica
6439,mdh,baltica
6442,rpsI,baltica
6446,ddl,baltica
6457,atpG,baltica
6462,ffh,baltica
6465,ndk,baltica
6480,sucC,baltica
6492,rplY,baltica
6495,groS,baltica
6500,rpmF,baltica
6506,fabH,baltica
6507,atpA,baltica
6509,rpmD,baltica
6511,pckA,baltica
6513,recA,baltica
6538,nusA,baltica
6540,rpoA,baltica
6541,rpsJ,baltica
6556,rpsC,baltica
6577,rpoB,baltica
6597,queA,baltica
6603,rpsS,baltica
6623,rplE,baltica
6633,secA,baltica
6658,pnp,baltica
6660,lepA,baltica
6666,rplJ,baltica
6676,clpB,baltica
6736,gyrA,baltica
6739,atpD,baltica
6755,ackA,baltica
6773,tpiA,baltica
6780,ahcY,baltica
6784,serC,baltica
6789,glyA,baltica
6793,rpsG,baltica
6810,rplV,baltica
6839,bioB,baltica
6844,aspS,baltica
6861,mnmG,baltica
6863,rpsR,baltica
6884,purL,baltica
6885,atpH,baltica
6888,pgl,baltica
6895,rpsF,baltica
6900,tal,baltica
6907,gcvP,baltica
6920,grpE,baltica
6925,proS,baltica
6926,ychF,baltica
6934,pgk,baltica
6942,sufC,baltica
6943,yidC,baltica
6960,pgi,baltica
6967,metG,baltica
6973,ileS,baltica
6984,alaS,baltica
6990,frr,baltica
7043,pheS,baltica
7137,rplW,baltica
7179,rpsL,baltica
7202,accD,baltica
7288,rplN,baltica
7298,ftsZ,baltica
7304,rplS,baltica
7307,rpoC,baltica
7340,dnaJ,baltica
7359,gyrB,baltica
7363,pfkA,baltica
7481,rpmC,baltica
7594,rny,baltica
7597,rplR,baltica
7618,prfA,baltica
7684,ftsH,baltica
7848,purH,baltica
7862,topA,baltica
7864,prfC,baltica
7905,thrS,baltica
7920,aroC,baltica
7946,purD,baltica
7956,rho,baltica
7959,acpP,baltica
8037,hisD,baltica
8038,pyrE,baltica
8076,lysA,baltica
8083,dapB,baltica
8107,zwf,baltica
8165,mutS,baltica
8255,guaB,baltica
8321,pyrG,baltica
8576,nusG,baltica
8598,menB,baltica
8863,rplP,baltica
8875,guaA,baltica
8924,ftsA,baltica
9263,aroA,baltica
9320,tyrS,baltica
9459,glmS,baltica
9559,rpsN,baltica
9955,gpmI,baltica
10218,asd,baltica
10316,argS,baltica
10530,kbl,baltica
10804,asnS,baltica
11113,hisS,baltica
11150,lysS,baltica
11323,folD,baltica
11769,ettA,baltica
12132,rpsO,baltica
12487,mreB,baltica
12550,tig,cereus
12551,glmS,cereus
12553,rplC,cereus
12556,hslU,cereus
12559,ndk,cereus
12563,guaB,cereus
12565,tsf,cereus
12588,glpK,cereus
12591,rpsL,cereus
12593,rpsB,cereus
12594,prfB,cereus
12598,pgi,cereus
12621,rpsE,cereus
12626,rplO,cereus
12628,hutU,cereus
12637,tuf,cereus
12650,rplQ,cereus
12664,rpsG,cereus
12668,rpsH,cereus
12675,fusA,cereus
12688,rplB,cereus
12689,sucD,cereus
12694,rpsS,cereus
12700,frr,cereus
12702,rpsD,cereus
12704,rplF,cereus
12706,rplX,cereus
12711,alaS,cereus
12733,dnaK,cereus
12737,rplL,cereus
12742,gcvT,cereus
12745,pckA,cereus
12759,sucC,cereus
12760,pyrG,cereus
12767,metK,cereus
12792,rplJ,cereus
12799,rplU,cereus
12803,tpiA,cereus
12825,rpsK,cereus
12832,serS,cereus
12833,pdhA,cereus
12834,rpsQ,cereus
12842,rplW,cereus
12843,rplS,cereus
12848,rpsP,cereus
12850,rpsC,cereus
12862,pdxS,cereus
12875,purA,cereus
12908,eno,cereus
12917,rpoC,cereus
12928,rplA,cereus
12942,rplT,cereus
12950,rplM,cereus
13000,asd,cereus
13020,rpsT,cereus
13036,prfA,cereus
13043,rpsJ,cereus
13100,rplE,cereus
13101,rpmC,cereus
13141,rpmD,cereus
13167,carA,cereus
13188,ribH,cereus
13242,rpoA,cereus
13251,acpP,cereus
13264,cysS,cereus
13271,menB,cereus
13307,thrS,cereus
13324,infB,cereus
13325,uvrA,cereus
13344,rplV,cereus
13413,rpsF,cereus
13439,groL,cereus
13463,argG,cereus
13467,ackA,cereus
13475,greA,cereus
13495,rplP,cereus
13526,rpoB,cereus
13614,tpx,cereus
13637,atpA,cereus
13737,ftsZ,cereus
13768,recA,cereus
13948,pnp,cereus
13982,rpsI,cereus
14029,gcvH,cereus
14082,glyA,cereus
14164,atpD,cereus
14270,mdh,cereus
14287,mnmG,cereus
14378,rplN,cereus
14450,folE,cereus
14482,murC,cereus
14530,grpE,cereus
14532,rsmH,cereus
14706,gpmI,cereus
14798,rpsR,cereus
14811,argJ,cereus
14822,infA,cereus
14847,rplR,cereus
14890,rpsO,cereus
14988,rplD,cereus
15070,mutS,cereus
15083,glmM,cereus
15098,pepT,cereus
15119,dxs,cereus
15155,adk,cereus
15179,pfkA,cereus
15247,argH,cereus
15322,ftsH,cereus
15332,pyrE,cereus
15427,atpG,cereus
15794,clpX,cereus
15962,dapA,cereus
15999,nusA,cereus
16003,hemE,cereus
16072,prs,cereus
16099,clpB,cereus
16733,ychF,cereus
17033,serC,cereus
17403,secA,cereus
17415,prmA,cereus
17817,gatA,cereus
17956,mreB,cereus
18064,fmt,cereus
18705,pheT,cereus
18817,pyrD,cereus
19050,gatC,cereus
19089,hisD,cereus
19562,groS,cereus
19689,rpmA,cereus
19703,lexA,cereus
20364,gmk,cereus
20594,rpsM,cereus
21104,panC,cereus
21149,carB,cereus
22038,mnmE,cereus
22074,murD,cereus
22471,gatB,cereus
22722,pyrH,cereus
23034,rplB,comes
23036,rplC,comes
23037,rpsR,comes
23038,dnaJ,comes
23040,pgk,comes
23041,gap,comes
23046,rpoB,comes
23049,rpsS,comes
23051,gyrB,comes
23052,purC,comes
23055,rpmC,comes
23062,tpiA,comes
23064,rpsE,comes
23072,prfA,comes
23073,rsmH,comes
23075,tsf,comes
23079,tuf,comes
23084,rpsI,comes
23088,rpsK,comes
23093,serS,comes
23096,fusA,comes
23100,groL,comes
23106,argJ,comes
23123,leuB,comes
23139,pckA,comes
23141,prs,comes
23142,rplP,comes
23145,alaS,comes
23148,rpsJ,comes
23152,purA,comes
23153,rpsM,comes
23154,thrS,comes
23155,pnp,comes
23156,rplF,comes
23159,glmM,comes
23166,rplL,comes
23169,pheT,comes
23191,tal,comes
23197,rplN,comes
23200,rpsP,comes
23210,rpsB,comes
23227,bioB,comes
23237,def,comes
23238,pepT,comes
23255,guaB,comes
23260,rplJ,comes
23264,atpA,comes
23273,rpsF,comes
23279,rplS,comes
23284,rplM,comes
23293,argD,comes
23304,rplD,comes
23313,pyrE,comes
23314,rplO,comes
23315,rpmE,comes
23317,ileS,comes
23323,rpsG,comes
23329,nusA,comes
23330,rplQ,comes
23334,rplX,comes
23357,rpsC,comes
23361,ilvC,comes
23402,thiC,comes
23411,aspS,comes
23421,trpS,comes
23424,glnA,comes
23431,etfA,comes
23436,dnaK,comes
23450,murE,comes
23453,rplE,comes
23465,tig,comes
23473,pfkA,comes
23477,rpsH,comes
23484,ilvD,comes
23502,rpoA,comes
23503,rpoC,comes
23517,guaA,comes
23520,rplV,comes
23525,glyS,comes
23548,purF,comes
23557,secA,comes
23561,atpD,comes
23582,rny,comes
23594,proS,comes
23603,rpsL,comes
23605,frr,comes
23609,rplK,comes
23675,kbl,comes
23688,ychF,comes
23710,pgi,comes
23727,carB,comes
23736,ftsH,comes
23750,infB,comes
23780,ribH,comes
23797,rplU,comes
23810,carA,comes
23827,rplR,comes
23836,accD,comes
23844,pyrH,comes
23848,argS,comes
23858,typA,comes
23860,efp,comes
23935,metK,comes
23976,ALB,comes
23994,gpmI,comes
24047,argC,comes
24061,metG,comes
24062,rplA,comes
24102,murA,comes
24121,murC,comes
24130,rpmA,comes
24157,dxs,comes
24188,purD,comes
24211,purE,comes
24218,valS,comes
24219,adk,comes
24252,gyrA,comes
24269,dxr,comes
24289,argH,comes
24319,prmA,comes
24328,upp,comes
24380,dnaX,comes
24402,prfB,comes
24437,argG,comes
24480,glpK,comes
24574,rpsO,comes
24583,tyrS,comes
24591,rplW,comes
24756,purM,comes
24762,argB,comes
24790,rpsU,comes
24791,pheS,comes
24862,gatA,comes
24920,clpP,comes
24992,coaBC,comes
25000,ddl,comes
25039,folD,comes
25134,lysS,comes
25214,pyrG,comes
25253,panC,comes
25270,dapB,comes
25433,leuS,comes
25476,dapA,comes
25489,rplT,comes
25500,mreB,comes
25591,asnS,comes
25607,rpoZ,comes
25767,gltX,comes
25833,der,comes
25932,mnmG,comes
26152,nadE,comes
26308,infC,comes
26564,ispG,comes
26646,lepA,comes
26682,fabH,comes
26722,rplI,comes
26762,leuC,comes
26767,rimP,comes
26907,ackA,comes
27092,pyrB,comes
27112,glyA,comes
27121,ribB,comes
27407,rpoD,comes
27570,glmS,comes
28059,hisA,comes
28092,secB,cryptum
28093,prfA,cryptum
28097,rplB,cryptum
28098,prfB,cryptum
28104,rpmD,cryptum
28105,greA,cryptum
28106,atpH,cryptum
28107,rplX,cryptum
28111,efp,cryptum
28123,groL,cryptum
28132,eno,cryptum
28146,metK,cryptum
28147,groS,cryptum
28158,rplL,cryptum
28166,ndk,cryptum
28167,rplK,cryptum
28195,rpsT,cryptum
28201,mdh,cryptum
28223,tig,cryptum
28228,pdxS,cryptum
28236,fusA,cryptum
28238,grpE,cryptum
28243,pnp,cryptum
28269,tsf,cryptum
28281,acpP,cryptum
28284,tuf,cryptum
28332,rplJ,cryptum
28333,sucC,cryptum
28351,atpD,cryptum
28388,frr,cryptum
28392,rpsS,cryptum
28457,zwf,cryptum
28458,ribH,cryptum
28495,ppa,cryptum
28533,tatA,cryptum
28556,rpsQ,cryptum
28561,rpoC,cryptum
28565,rplV,cryptum
28567,rne,cryptum
28569,rplO,cryptum
28640,rplC,cryptum
28673,dnaK,cryptum
28802,dapA,cryptum
28811,rpsI,cryptum
28825,rplY,cryptum
28826,atpA,cryptum
28986,pdhA,cryptum
28987,trpA,cryptum
29003,ilvE,cryptum
29052,ribB,cryptum
29109,trpS,cryptum
29142,nusA,cryptum
29145,katG,cryptum
29341,rpmG,cryptum
29364,thiC,cryptum
29425,asd,cryptum
29480,rpoZ,cryptum
29518,rpsE,cryptum
29620,ilvC,cryptum
29640,rpsG,cryptum
29729,rpsL,denitrificans
29730,rplL,denitrificans
29732,rpsM,denitrificans
29735,purH,denitrificans
29740,rplO,denitrificans
29741,rpsS,denitrificans
29748,dnaK,denitrificans
29749,prfB,denitrificans
29753,prfA,denitrificans
29757,atpA,denitrificans
29758,sucD,denitrificans
29768,rne,denitrificans
29770,rpsF,denitrificans
29771,rplM,denitrificans
29773,eno,denitrificans
29774,lepA,denitrificans
29775,pepA,denitrificans
29776,rplB,denitrificans
29786,fusA,denitrificans
29788,sucC,denitrificans
29791,rpsK,denitrificans
29792,rpmB,denitrificans
29796,rpsP,denitrificans
29797,rpmE,denitrificans
29798,rplA,denitrificans
29801,rplK,denitrificans
29804,rpoB,denitrificans
29805,rplI,denitrificans
29816,msrA,denitrificans
29820,secB,denitrificans
29823,tatA,denitrificans
29824,aspS,denitrificans
29830,rplC,denitrificans
29835,rplT,denitrificans
29844,tig,denitrificans
29848,rplQ,denitrificans
29852,clpB,denitrificans
29862,rpmC,denitrificans
29866,tsf,denitrificans
29871,ftsZ,denitrificans
29881,efp,denitrificans
29901,pnp,denitrificans
29903,aroA,denitrificans
29915,alaS,denitrificans
29922,nuoD,denitrificans
29926,ribB,denitrificans
29928,rpsD,denitrificans
29934,fumC,denitrificans
29939,rpmG,denitrificans
29946,glyA,denitrificans
29955,rpsJ,denitrificans
29958,pckA,denitrificans
29963,murE,denitrificans
29964,rpsT,denitrificans
29965,yidC,denitrificans
29978,grpE,denitrificans
29984,groS,denitrificans
29991,atpH,denitrificans
29995,purA,denitrificans
29997,rplE,denitrificans
30006,proS,denitrificans
30011,pdhA,denitrificans
30012,rplR,denitrificans
30018,rpsB,denitrificans
30020,rplF,denitrificans
30037,pgk,denitrificans
30039,mreB,denitrificans
30045,rpsG,denitrificans
30065,ndk,denitrificans
30070,rpsE,denitrificans
30072,rpoC,denitrificans
30086,mutS,denitrificans
30092,rpsH,denitrificans
30100,atpD,denitrificans
30108,nusA,denitrificans
30111,rplN,denitrificans
30113,murA,denitrificans
30121,dapB,denitrificans
30123,rplU,denitrificans
30128,rplW,denitrificans
30132,gatB,denitrificans
30141,rpmD,denitrificans
30144,serS,denitrificans
30161,tal,denitrificans
30184,pheS,denitrificans
30185,hslU,denitrificans
30203,valS,denitrificans
30206,gatA,denitrificans
30208,rpsI,denitrificans
30210,mdh,denitrificans
30233,rplD,denitrificans
30243,carB,denitrificans
30247,purC,denitrificans
30252,infB,denitrificans
30272,argG,denitrificans
30277,rpmA,denitrificans
30309,pheT,denitrificans
30315,rpoA,denitrificans
30317,accD,denitrificans
30318,guaB,denitrificans
30319,atpF,denitrificans
30328,prfC,denitrificans
30341,rplY,denitrificans
30370,argS,denitrificans
30395,ilvC,denitrificans
30400,carA,denitrificans
30408,clpX,denitrificans
30433,rpsC,denitrificans
30489,glmS,denitrificans
30506,queA,denitrificans
30511,kdsA,denitrificans
30521,frr,denitrificans
30538,rplX,denitrificans
30598,purF,denitrificans
30601,asd,denitrificans
30608,lysS,denitrificans
30611,tyrS,denitrificans
30631,rplJ,denitrificans
30654,katG,denitrificans
30660,uvrA,denitrificans
30710,ahcY,denitrificans
30714,tpiA,denitrificans
30725,rpoD,denitrificans
30754,polA,denitrificans
30763,guaA,denitrificans
30793,zwf,denitrificans
30808,rplS,denitrificans
30823,lon,denitrificans
30852,ileS,denitrificans
30858,prmA,denitrificans
30923,topA,denitrificans
30951,secA,denitrificans
30971,atpG,denitrificans
30975,prs,denitrificans
31069,rplV,denitrificans
31110,trpS,denitrificans
31122,ftsH,denitrificans
31139,gyrB,denitrificans
31179,gpmI,denitrificans
31244,pyrE,denitrificans
31277,murF,denitrificans
31285,rpsR,denitrificans
31286,rho,denitrificans
31296,ilvD,denitrificans
31339,proA,denitrificans
31387,mnmG,denitrificans
31398,def,denitrificans
31399,dxs,denitrificans
31432,argJ,denitrificans
31454,thrS,denitrificans
31482,accA,denitrificans
31492,leuB,denitrificans
31538,ffh,denitrificans
31660,purM,denitrificans
31748,clpP,denitrificans
31763,pyrH,denitrificans
31861,rpsQ,denitrificans
31912,ilvE,denitrificans
31978,rplP,denitrificans
32291,hisC,denitrificans
32304,gcvH,denitrificans
32494,adk,denitrificans
32521,murC,denitrificans
32531,trpB,denitrificans
32684,ribH,denitrificans
32697,glmU,denitrificans
32733,rimP,denitrificans
32822,purE,denitrificans
32863,gatC,denitrificans
32906,glmM,denitrificans
33061,glyS,denitrificans
33201,rpsU,denitrificans
33223,ychF,denitrificans
33320,gmk,denitrificans
33572,hisS,denitrificans
33619,rpsN,denitrificans
33754,metG,denitrificans
34072,mnmE,denitrificans
34373,ettA,denitrificans
34478,proC,denitrificans
34486,dxr,denitrificans
34576,cysS,denitrificans
34655,hflX,denitrificans
34930,rho,fragilis
34933,gap,fragilis
34936,adk,fragilis
34939,rpsB,fragilis
34940,rpoC,fragilis
34946,rsfS,fragilis
34958,rpmB,fragilis
34962,rpsK,fragilis
34966,secA,fragilis
34969,tsf,fragilis
34971,rplO,fragilis
34975,rpsS,fragilis
34977,rplX,fragilis
34991,rpsL,fragilis
34992,rpsP,fragilis
35004,fusA,fragilis
35006,ftsZ,fragilis
35015,rplV,fragilis
35016,alaS,fragilis
35023,rpsM,fragilis
35026,rpsQ,fragilis
35028,prfA,fragilis
35042,tuf,fragilis
35044,rpsF,fragilis
35052,gpmI,fragilis
35053,rplC,fragilis
35076,rpsU,fragilis
35097,typA,fragilis
35098,thiC,fragilis
35103,rplB,fragilis
35112,pckA,fragilis
35118,mdh,fragilis
35132,rplL,fragilis
35143,rny,fragilis
35150,folD,fragilis
35152,gcvP,fragilis
35160,rplQ,fragilis
35174,trpA,fragilis
35178,ileS,fragilis
35188,rplR,fragilis
35189,rpsC,fragilis
35194,rplK,fragilis
35216,ribH,fragilis
35218,rplP,fragilis
35223,rpsG,fragilis
35230,pyrG,fragilis
35248,rplE,fragilis
35256,rpsI,fragilis
35265,greA,fragilis
35267,lysA,fragilis
35268,efp,fragilis
35269,rpoB,fragilis
35272,metK,fragilis
35273,purD,fragilis
35297,ispG,fragilis
35307,purL,fragilis
35317,serC,fragilis
35326,gltX,fragilis
35332,pepT,fragilis
35347,gyrA,fragilis
35349,tpiA,fragilis
35377,rpmI,fragilis
35394,rpmG,fragilis
35401,valS,fragilis
35403,prs,fragilis
35418,serS,fragilis
35422,asd,fragilis
35435,rplD,fragilis
35456,ALB,fragilis
35457,gyrB,fragilis
35460,rpsR,fragilis
35470,rpmE,fragilis
35481,ettA,fragilis
35507,rnr,fragilis
35510,proS,fragilis
35517,rpmA,fragilis
35518,rplA,fragilis
35525,rplT,fragilis
35532,infB,fragilis
35542,rpmC,fragilis
35546,rpsD,fragilis
35547,asnS,fragilis
35571,fabH,fragilis
35577,aspS,fragilis
35590,ilvD,fragilis
35591,rplJ,fragilis
35610,glyA,fragilis
35627,gcvT,fragilis
35634,rpsO,fragilis
35652,rplM,fragilis
35656,nusA,fragilis
35663,guaA,fragilis
35683,clpB,fragilis
35684,guaB,fragilis
35685,topA,fragilis
35688,rpmD,fragilis
35711,thrS,fragilis
35737,ftsY,fragilis
35756,argH,fragilis
35763,metG,fragilis
35765,rplU,fragilis
35777,ychF,fragilis
35778,argS,fragilis
35782,purH,fragilis
35842,rplN,fragilis
35846,tyrS,fragilis
35847,rlmN,fragilis
35851,trpS,fragilis
35868,rplS,fragilis
35904,pheS,fragilis
35927,leuS,fragilis
35929,rplF,fragilis
35930,gcvH,fragilis
35959,ftsH,fragilis
35969,frr,fragilis
35977,glyS,fragilis
35987,rpoA,fragilis
35998,ligA,fragilis
36041,ackA,fragilis
36110,cysK,fragilis
36113,rplY,fragilis
36155,clpX,fragilis
36156,ffh,fragilis
36182,htpG,fragilis
36209,pheT,fragilis
36245,glnA,fragilis
36293,hflX,fragilis
36318,infA,fragilis
36345,hisS,fragilis
36370,aroC,fragilis
36397,atpA,fragilis
36402,prmA,fragilis
36482,eno,fragilis
36512,msrA,fragilis
36519,infC,fragilis
36539,pyrE,fragilis
36651,tpx,fragilis
36656,rpsH,fragilis
36673,rpsJ,fragilis
36679,pgk,fragilis
36711,murD,fragilis
36720,purC,fragilis
36792,rpsT,fragilis
36796,purA,fragilis
36824,mnmG,fragilis
36842,rpsE,fragilis
36855,rplI,fragilis
37052,ftsA,fragilis
37065,tal,fragilis
37104,panC,fragilis
37166,pyrH,fragilis
37211,nadE,fragilis
37287,dxr,fragilis
37473,mnmE,fragilis
37640,acpP,fragilis
37687,sufC,fragilis
37715,leuB,fragilis
37722,polA,fragilis
37757,nusG,fragilis
37766,purM,fragilis
37773,atpD,fragilis
37841,zwf,fragilis
37852,murF,fragilis
37890,murE,fragilis
37925,obg,fragilis
38020,proA,fragilis
38071,kdsA,fragilis
38297,thrC,fragilis
38554,purE,fragilis
38617,lpxD,fragilis
38706,menB,fragilis
38813,rpe,fragilis
39062,lepA,fragilis
39131,sucD,fragilis
39325,rpsN,fragilis
39598,prfC,fragilis
39791,cmk,fragilis
39802,pyrB,fragilis
40384,mreB,fragilis
40587,panB,fragilis
40744,cysS,fragilis
41049,lon,fragilis
41738,argC,fragilis
42151,grpE,fragilis
42353,def,fragilis
42365,rplW,fragilis
43653,aroB,fragilis
44290,clpP,fragilis
45805,atpG,fragilis
46131,rne,fragilis
46136,carA,fragilis
46445,queA,fragilis
46457,atpF,fragilis
46497,recA,fragilis
46688,der,fragilis
46800,ribB,fragilis
47240,kbl,fragilis
47730,folE,fragilis
47778,argD,fragilis
47791,map,fragilis
47911,prfB,fragilis
48639,sucC,fragilis
49583,hutU,fragilis
51321,hisH,fragilis
51440,argG,fragilis
59107,dnaX,fragilis
60453,murC,fragilis
60901,mutS,fragilis
62331,argB,fragilis
62482,rimO,fragilis
62882,hisD,fragilis
63972,leuC,fragilis
65102,trpB,fragilis
65166,pgl,fragilis
65639,gatB,gilvus
65645,rpsB,gilvus
65646,tatA,gilvus
65651,rplK,gilvus
65653,rpsC,gilvus
65666,rplC,gilvus
65669,groL,gilvus
65670,rpsD,gilvus
65676,leuS,gilvus
65678,rpsS,gilvus
65682,gltX,gilvus
65685,rpsT,gilvus
65691,pdxS,gilvus
65695,rplO,gilvus
65697,rplE,gilvus
65698,metK,gilvus
65702,rplM,gilvus
65707,prfB,gilvus
65713,tsf,gilvus
65714,ettA,gilvus
65722,rpsJ,gilvus
65724,rpoB,gilvus
65726,rplL,gilvus
65728,tuf,gilvus
65729,greA,gilvus
65731,grpE,gilvus
65734,rplD,gilvus
65736,atpA,gilvus
65751,rpsI,gilvus
65753,sucD,gilvus
65772,pyrH,gilvus
65774,fusA,gilvus
65775,rpsP,gilvus
65777,gcvP,gilvus
65778,dapA,gilvus
65780,rpsK,gilvus
65789,tig,gilvus
65809,purA,gilvus
65815,rho,gilvus
65821,ppa,gilvus
65827,proA,gilvus
65839,tpiA,gilvus
65847,proS,gilvus
65851,rpoA,gilvus
65860,ackA,gilvus
65861,rpoC,gilvus
65870,rplV,gilvus
65875,gyrA,gilvus
65877,atpD,gilvus
65885,rplT,gilvus
65888,rplA,gilvus
65889,rpsE,gilvus
65893,rpmD,gilvus
65898,dnaK,gilvus
65902,rplQ,gilvus
65905,sucC,gilvus
65911,gatA,gilvus
65918,rpsR,gilvus
65931,rplJ,gilvus
65933,pnp,gilvus
65940,glpK,gilvus
65946,ffh,gilvus
65966,rpsG,gilvus
65979,pgk,gilvus
66029,rpsH,gilvus
66032,rplX,gilvus
66035,topA,gilvus
66040,eno,gilvus
66041,nusA,gilvus
66078,rpmF,gilvus
66080,rplB,gilvus
66084,ilvC,gilvus
66087,groS,gilvus
66097,ychF,gilvus
66099,frr,gilvus
66102,hemL,gilvus
66112,lysS,gilvus
66118,prs,gilvus
66122,rplF,gilvus
66140,adk,gilvus
66152,der,gilvus
66158,rpsF,gilvus
66190,fumC,gilvus
66194,lysA,gilvus
66202,rpsM,gilvus
66215,acpP,gilvus
66237,rplP,gilvus
66240,rpsO,gilvus
66278,glmS,gilvus
66282,gcvT,gilvus
66330,rpmC,gilvus
66346,dxr,gilvus
66371,ftsZ,gilvus
66394,rpoZ,gilvus
66398,ispG,gilvus
66416,fabH,gilvus
66422,guaA,gilvus
66430,rpsQ,gilvus
66459,guaB,gilvus
66488,hisA,gilvus
66525,murA,gilvus
66551,polA,gilvus
66569,uvrA,gilvus
66573,thrS,gilvus
66581,rplR,gilvus
66595,glyA,gilvus
66607,rplU,gilvus
66633,valS,gilvus
66640,nusG,gilvus
66645,atpG,gilvus
66662,nuoD,gilvus
66687,infB,gilvus
66726,rsfS,gilvus
66738,secA,gilvus
66753,alaS,gilvus
66784,panB,gilvus
66872,glmU,gilvus
66895,ALB,gilvus
66912,tal,gilvus
67220,pgi,gilvus
67246,rplI,gilvus
67276,rplS,gilvus
67332,aspS,gilvus
67408,ligA,gilvus
67470,argS,gilvus
67535,leuA,gilvus
67632,argH,gilvus
67643,aroB,gilvus
67891,gatC,gilvus
68138,trpS,gilvus
68200,gyrB,gilvus
68252,nadE,gilvus
68470,purL,gilvus
68554,rlmN,gilvus
68628,rpe,gilvus
68630,trpB,gilvus
68640,aroA,gilvus
68731,pheT,gilvus
68748,ileS,gilvus
68859,recA,gilvus
69027,cysK,gnavus
69028,tyrS,gnavus
69033,tsf,gnavus
69036,groL,gnavus
69037,rpsT,gnavus
69039,lysS,gnavus
69040,rplA,gnavus
69042,rplB,gnavus
69052,rplW,gnavus
69060,pnp,gnavus
69063,rpsS,gnavus
69064,rpsB,gnavus
69065,rpmC,gnavus
69068,rpsH,gnavus
69070,pckA,gnavus
69076,ftsY,gnavus
69077,rpsM,gnavus
69083,ackA,gnavus
69086,ftsZ,gnavus
69097,pgk,gnavus
69105,rpsQ,gnavus
69109,thrC,gnavus
69122,tuf,gnavus
69126,rplL,gnavus
69128,leuS,gnavus
69129,glyA,gnavus
69138,tpiA,gnavus
69146,rpsJ,gnavus
69152,prfA,gnavus
69174,alaS,gnavus
69181,tig,gnavus
69185,rpmI,gnavus
69188,rplQ,gnavus
69191,infC,gnavus
69202,rpsK,gnavus
69219,pfkA,gnavus
69238,rpsE,gnavus
69241,accA,gnavus
69247,rplC,gnavus
69259,rplS,gnavus
69284,purA,gnavus
69307,rpmD,gnavus
69309,ALB,gnavus
69311,dnaK,gnavus
69321,gap,gnavus
69325,carB,gnavus
69337,metK,gnavus
69338,rplE,gnavus
69345,serS,gnavus
69374,glyS,gnavus
69383,rpsO,gnavus
69384,fusA,gnavus
69400,rplU,gnavus
69405,rpmF,gnavus
69414,rpoB,gnavus
69432,typA,gnavus
69436,nadE,gnavus
69452,infB,gnavus
69453,ileS,gnavus
69457,gpmI,gnavus
69473,rpsD,gnavus
69495,glmM,gnavus
69499,rpsP,gnavus
69521,rpoC,gnavus
69525,rnr,gnavus
69526,guaB,gnavus
69527,smc,gnavus
69528,rpsN,gnavus
69535,lepA,gnavus
69536,rplO,gnavus
69548,rplJ,gnavus
69557,rpsF,gnavus
69563,aspS,gnavus
69572,proC,gnavus
69588,prs,gnavus
69622,rimP,gnavus
69625,rpsR,gnavus
69630,atpC,gnavus
69651,glmS,gnavus
69656,rpsG,gnavus
69658,ffh,gnavus
69676,proS,gnavus
69705,pyrH,gnavus
69707,bioB,gnavus
69709,pyrE,gnavus
69710,ilvC,gnavus
69712,rplD,gnavus
69714,prfB,gnavus
69718,rplN,gnavus
69723,rplX,gnavus
69732,rpoZ,gnavus
69744,adk,gnavus
69786,pheT,gnavus
69800,trpS,gnavus
69801,rny,gnavus
69802,atpD,gnavus
69816,ychF,gnavus
69828,rplV,gnavus
69842,aroA,gnavus
69889,secA,gnavus
69913,pdxS,gnavus
69917,upp,gnavus
69934,ddl,gnavus
69938,greA,gnavus
69963,thrS,gnavus
69974,pgi,gnavus
69979,metG,gnavus
69984,rplM,gnavus
69993,rpsL,gnavus
69997,asnS,gnavus
70000,rplK,gnavus
70019,rplP,gnavus
70033,groS,gnavus
70036,tal,gnavus
70040,rpsC,gnavus
70042,serC,gnavus
70043,glnA,gnavus
70045,nusA,gnavus
70073,rplF,gnavus
70101,purF,gnavus
70130,rsmH,gnavus
70155,pyrG,gnavus
70172,dxs,gnavus
70209,dapA,gnavus
70345,pyrD,gnavus
70355,murE,gnavus
70480,pepT,gnavus
70498,dnaJ,gnavus
70537,carA,gnavus
70554,queA,gnavus
70567,guaA,gnavus
70617,leuC,gnavus
70720,murF,gnavus
70831,murC,gnavus
70890,rpmA,gnavus
70897,argH,gnavus
70920,valS,gnavus
70969,atpA,gnavus
71003,ilvD,gnavus
71158,gyrA,gnavus
71167,clpB,gnavus
71174,folD,gnavus
71201,rimO,gnavus
71211,cmk,gnavus
71334,rpe,gnavus
71375,dnaX,gnavus
71376,acpP,gnavus
71380,mutS,gnavus
71389,pgk,griseorubens
71485,ALB,griseorubens
71515,rplS,griseorubens
71542,dnaK,griseorubens
71564,polA,griseorubens
71570,eno,griseorubens
71573,clpB,griseorubens
71692,fusA,griseorubens
71775,glpK,griseorubens
72560,glmU,griseorubens
73509,pnp,indologenes
73512,gap,indologenes
73514,dnaJ,indologenes
73522,rpsL,indologenes
73523,rplX,indologenes
73528,accD,indologenes
73530,prfA,indologenes
73533,metK,indologenes
73537,rpmB,indologenes
73549,rplL,indologenes
73570,mdh,indologenes
73572,tuf,indologenes
73573,gcvT,indologenes
73583,groS,indologenes
73586,rpoA,indologenes
73588,hutU,indologenes
73591,purH,indologenes
73593,purA,indologenes
73594,mreB,indologenes
73599,rny,indologenes
73610,rpsT,indologenes
73611,recA,indologenes
73615,groL,indologenes
73618,htpG,indologenes
73619,rplF,indologenes
73622,tsf,indologenes
73626,rpsB,indologenes
73629,pdxA,indologenes
73633,dnaK,indologenes
73640,rpsF,indologenes
73645,rimO,indologenes
73656,rpmI,indologenes
73659,rplR,indologenes
73665,pepT,indologenes
73693,etfA,indologenes
73694,tig,indologenes
73703,accA,indologenes
73714,secA,indologenes
73715,alaS,indologenes
73734,prfB,indologenes
73749,valS,indologenes
73757,menB,indologenes
73769,rplB,indologenes
73772,katG,indologenes
73783,rpoC,indologenes
73803,uvrA,indologenes
73819,sucD,indologenes
73822,gltX,indologenes
73829,fusA,indologenes
73830,rpsG,indologenes
73844,rpsD,indologenes
73855,rpsH,indologenes
73860,zwf,indologenes
73864,carA,indologenes
73872,purD,indologenes
73875,rpsP,indologenes
73889,glyA,indologenes
73899,ftsZ,indologenes
73914,rplE,indologenes
73918,atpG,indologenes
73924,serS,indologenes
73961,rpsE,indologenes
73964,atpF,indologenes
73969,rplM,indologenes
73976,aroC,indologenes
74003,efp,indologenes
74034,rsmH,indologenes
74042,rplI,indologenes
74064,rpmF,indologenes
74067,rplO,indologenes
74084,rplC,indologenes
74100,ddl,indologenes
74101,topA,indologenes
74106,gpmI,indologenes
74107,asd,indologenes
74109,rpsI,indologenes
74113,rplT,indologenes
74138,pgl,indologenes
74144,rplY,indologenes
74150,guaB,indologenes
74158,aspS,indologenes
74161,infC,indologenes
74170,rpsM,indologenes
74171,pckA,indologenes
74183,pheT,indologenes
74201,hisS,indologenes
74211,ileS,indologenes
74218,gcvP,indologenes
74229,rplU,indologenes
74249,lysS,indologenes
74250,proS,indologenes
74252,glmS,indologenes
74258,rplK,indologenes
74262,rplW,indologenes
74314,ndk,indologenes
74321,atpD,indologenes
74342,rpsC,indologenes
74352,greA,indologenes
74358,rpsQ,indologenes
74361,der,indologenes
74365,kbl,indologenes
74409,rpsJ,indologenes
74430,argS,indologenes
74441,rpoB,indologenes
74456,tpx,indologenes
74457,purM,indologenes
74463,glpK,indologenes
74469,sucC,indologenes
74472,ribB,indologenes
74473,dnaX,indologenes
74475,guaA,indologenes
74512,pgk,indologenes
74530,folE,indologenes
74532,infB,indologenes
74544,typA,indologenes
74545,yidC,indologenes
74550,serC,indologenes
74567,gyrB,indologenes
74578,thrS,indologenes
74579,murD,indologenes
74590,pgi,indologenes
74594,pfkA,indologenes
74605,pyrD,indologenes
74624,gyrA,indologenes
74637,glnA,indologenes
74648,clpX,indologenes
74662,clpP,indologenes
74707,folD,indologenes
74712,rplA,indologenes
74717,rplD,indologenes
74721,grpE,indologenes
74771,pyrE,indologenes
74823,rplJ,indologenes
74846,fumC,indologenes
74868,nusA,indologenes
74869,rpmA,indologenes
74884,rne,indologenes
74946,atpC,indologenes
74950,ahcY,indologenes
74964,leuS,indologenes
74991,prs,indologenes
75010,panC,indologenes
75023,murF,indologenes
75056,infA,indologenes
75061,atpA,indologenes
75064,rpmC,indologenes
75116,pheS,indologenes
75140,carB,indologenes
75303,nadE,indologenes
75320,rpsO,indologenes
75340,rnr,indologenes
75418,metG,indologenes
75424,cmk,indologenes
75437,queA,indologenes
75493,tal,indologenes
75522,lpxD,indologenes
75531,prfC,indologenes
75548,rplS,indologenes
75549,purF,indologenes
75555,rplQ,indologenes
75590,murE,indologenes
75685,pyrG,indologenes
75702,hemL,indologenes
75763,ffh,indologenes
75822,atpH,indologenes
75896,trpS,indologenes
75927,rpsR,indologenes
75932,polA,indologenes
75936,murC,indologenes
75942,prmA,indologenes
75954,upp,indologenes
75989,rpe,indologenes
76089,nusG,indologenes
76098,rpsS,indologenes
76105,rpmD,indologenes
76118,pyrB,indologenes
76171,cysS,indologenes
76248,tpiA,indologenes
76386,rplP,indologenes
76450,asnS,indologenes
76463,coaBC,indologenes
76465,frr,indologenes
76501,glmM,indologenes
76532,ftsY,indologenes
76727,hemE,indologenes
76857,purC,indologenes
76917,dxs,indologenes
76953,adk,indologenes
77339,mnmE,indologenes
77354,rplN,indologenes
77931,mnmG,indologenes
78131,gmk,indologenes
78723,rimP,indologenes
78834,sufC,indologenes
79012,lepA,indologenes
79051,nuoD,indologenes
79072,rplV,indologenes
79377,aroB,indologenes
80012,rlmN,indologenes
80069,hflX,indologenes
80130,panB,indologenes
80865,ligA,indologenes
81800,pyrH,indologenes
82018,fmt,indologenes
83638,glnA,necator
83639,katG,necator
83640,folE,necator
83661,prfB,necator
83667,atpG,necator
83693,rpsF,necator
83694,nuoD,necator
83712,murE,necator
83722,atpA,necator
83732,rpsT,necator
83740,aspS,necator
83752,rsmH,necator
83759,rplR,necator
83793,rplC,necator
83809,rnr,necator
83837,pgl,necator
83859,rpmI,necator
83876,groL,necator
83878,fabH,necator
83887,sucC,necator
83902,pepA,necator
83928,gyrA,necator
83930,rpmC,necator
83938,rplB,necator
83963,ilvC,necator
83967,hutU,necator
83993,ALB,necator
83995,rplL,necator
84005,rpsE,necator
84025,tig,necator
84031,fusA,necator
84040,rplY,necator
84041,argJ,necator
84048,ahcY,necator
84059,gcvP,necator
84067,mdh,necator
84069,metG,necator
84085,atpD,necator
84093,murF,necator
84099,ilvD,necator
84109,folD,necator
84114,purM,necator
84120,rpsI,necator
84122,pdhA,necator
84124,etfA,necator
84132,rpsO,necator
84139,serS,necator
84143,atpF,necator
84145,ndk,necator
84171,rplK,necator
84209,hslU,necator
84215,infC,necator
84217,ftsH,necator
84225,rplP,necator
84251,mnmE,necator
84261,lysA,necator
84272,adk,necator
84279,rpsK,necator
84281,ackA,necator
84284,rpsS,necator
84305,ileS,necator
84356,rplI,necator
84357,gatB,necator
84438,glmS,necator
84491,panB,necator
84502,glyS,necator
84504,argG,necator
84525,serC,necator
84546,pheS,necator
84557,glyA,necator
84558,ffh,necator
84574,ppa,necator
84581,purF,necator
84598,purL,necator
84602,map,necator
84616,proS,necator
84639,ilvE,necator
84654,purC,necator
84673,rpsQ,necator
84687,rplD,necator
84710,hisA,necator
84721,gyrB,necator
84726,rplT,necator
84755,fumC,necator
84812,pyrH,necator
84839,pyrE,necator
84840,tsf,necator
84872,rpsP,necator
84875,rpoA,necator
84889,dnaK,necator
84897,murA,necator
84913,purH,necator
84921,hisC,necator
84930,fmt,necator
84932,argD,necator
84944,rplS,necator
84945,leuS,necator
84952,asd,necator
84968,gltX,necator
85042,upp,necator
85046,guaA,necator
85066,rplO,necator
85101,hisS,necator
85188,zwf,necator
85224,eno,necator
85265,cysK,necator
85272,nusA,necator
85276,rpoB,necator
85282,rpoC,necator
85293,ddl,necator
85312,cysS,necator
85318,ribB,necator
85324,rsfS,necator
85328,lysS,necator
85331,aroC,necator
85370,rpsD,necator
85397,leuB,necator
85407,pyrB,necator
85413,proC,necator
85419,frr,necator
85433,argS,necator
85438,hemE,necator
85467,rpsH,necator
85483,lpxD,necator
85518,atpH,necator
85643,typA,necator
85705,pnp,necator
85717,grpE,necator
85725,argH,necator
85737,secB,necator
85767,pyrG,necator
85800,rpsR,necator
85884,argC,necator
85907,leuA,necator
85946,secA,necator
85958,ribH,necator
85995,pheT,necator
86034,dxr,necator
86090,tyrS,necator
86144,trpB,necator
86174,pgk,necator
86211,rplA,necator
86218,atpC,necator
86295,kdsA,necator
86313,rplJ,necator
86467,thrC,necator
86499,kbl,necator
86562,glpK,necator
86662,rplM,necator
86725,glmM,necator
86776,yidC,necator
86947,clpX,necator
86960,rplN,necator
86979,rpmE,necator
87046,rpsB,necator
87049,groS,necator
87143,rpmF,necator
87260,purA,necator
87289,rpsJ,necator
87320,rplV,necator
87369,rpsG,necator
87382,alaS,necator
87463,pdxA,necator
87536,rplF,necator
87607,thrS,necator
87976,rplQ,necator
88096,tal,necator
88372,trpS,necator
88495,rplW,necator
88516,uvrA,necator
88861,rpsL,necator
88994,smc,necator
89444,hemL,necator
89574,metK,necator
89654,valS,necator
89676,tpx,necator
89700,tpiA,necator
89910,ispG,necator
89987,sufC,necator
89990,rpmG,necator
90503,rpmD,necator
91246,htpG,necator
91375,rplE,necator
91793,ligA,necator
92201,polA,necator
92255,aroA,necator
93229,prfB,palustris
93231,dnaK,palustris
93233,rpsL,palustris
93235,rpsF,palustris
93236,glpK,palustris
93237,rplL,palustris
93239,tuf,palustris
93244,prfA,palustris
93250,rplB,palustris
93251,argB,palustris
93253,argS,palustris
93256,thiC,palustris
93266,rpoB,palustris
93269,rplR,palustris
93272,leuS,palustris
93276,rne,palustris
93282,greA,palustris
93287,alaS,palustris
93291,rpoC,palustris
93293,carB,palustris
93299,rplX,palustris
93301,rplW,palustris
93303,proS,palustris
93307,trpS,palustris
93308,clpP,palustris
93314,tig,palustris
93319,pnp,palustris
93321,guaB,palustris
93336,tatA,palustris
93346,dapA,palustris
93347,groS,palustris
93349,ahcY,palustris
93351,sucD,palustris
93354,ilvC,palustris
93356,pheT,palustris
93362,asd,palustris
93364,rpmF,palustris
93366,hisC,palustris
93370,murC,palustris
93379,pgk,palustris
93388,nusA,palustris
93389,murF,palustris
93406,rpsN,palustris
93410,pdhA,palustris
93412,tsf,palustris
93413,ettA,palustris
93427,leuB,palustris
93428,argD,palustris
93432,smc,palustris
93449,ileS,palustris
93454,thrS,palustris
93474,acpP,palustris
93477,rplU,palustris
93489,rpsP,palustris
93491,glyA,palustris
93503,clpX,palustris
93504,efp,palustris
93508,rplN,palustris
93530,glmS,palustris
93531,dxs,palustris
93551,purH,palustris
93570,rplJ,palustris
93579,pckA,palustris
93589,kdsA,palustris
93590,fabH,palustris
93591,zwf,palustris
93597,rpsE,palustris
93605,tyrS,palustris
93608,rho,palustris
93618,rplM,palustris
93624,ychF,palustris
93640,rpsK,palustris
93646,ndk,palustris
93653,valS,palustris
93654,rplF,palustris
93657,leuC,palustris
93658,hisH,palustris
93685,argG,palustris
93692,rpsD,palustris
93712,rplI,palustris
93720,serS,palustris
93722,pyrB,palustris
93725,topA,palustris
93727,rpsB,palustris
93758,nadE,palustris
93760,metG,palustris
93767,pepA,palustris
93773,polA,palustris
93782,accD,palustris
93797,rpsG,palustris
93798,fusA,palustris
93809,secA,palustris
93814,gyrA,palustris
93829,infA,palustris
93837,frr,palustris
93838,purF,palustris
93854,adk,palustris
93886,rpsM,palustris
93892,gatB,palustris
93927,atpG,palustris
93939,guaA,palustris
93945,rplE,palustris
93955,rpmG,palustris
93968,nuoD,palustris
93986,lon,palustris
93992,lexA,palustris
93994,ffh,palustris
94005,katG,palustris
94017,rpoZ,palustris
94020,pdxA,palustris
94028,purM,palustris
94052,pyrG,palustris
94057,panB,palustris
94095,rplK,palustris
94119,map,palustris
94123,bioB,palustris
94142,dxr,palustris
94148,rpsQ,palustris
94150,rplC,palustris
94162,gatA,palustris
94171,rpmA,palustris
94177,atpA,palustris
94190,atpD,palustris
94221,purL,palustris
94224,proA,palustris
94228,leuA,palustris
94235,infB,palustris
94252,folD,palustris
94264,hisD,palustris
94304,gyrB,palustris
94342,htpG,palustris
94447,pheS,palustris
94448,lysS,palustris
94451,rpsS,palustris
94474,aspS,palustris
94481,gltX,palustris
94486,ispG,palustris
94505,cysS,palustris
94516,purC,palustris
94527,trpB,palustris
94528,eno,palustris
94545,glmU,palustris
94626,rpsI,palustris
94652,ilvD,palustris
94654,gatC,palustris
94657,hemE,palustris
94663,rplT,palustris
94669,prs,palustris
94677,rpsC,palustris
94680,rplP,palustris
94688,rpoA,palustris
94689,sucC,palustris
94751,rplS,palustris
94755,nusG,palustris
94774,folE,palustris
94786,rsmH,palustris
94877,hisS,palustris
94896,aroA,palustris
94919,rplD,palustris
94955,purA,palustris
94969,aroB,palustris
94998,glmM,palustris
95000,rplY,palustris
95002,carA,palustris
95023,rimO,palustris
95125,rpoD,palustris
95177,dapB,palustris
95230,aroC,palustris
95280,prfC,palustris
95303,rpe,palustris
95309,dnaX,palustris
95313,rpmB,palustris
95318,rplO,palustris
95329,argH,palustris
95418,proC,palustris
95423,trpA,palustris
95459,tal,palustris
95466,fumC,palustris
95568,ftsY,palustris
95602,murA,palustris
95634,ftsH,palustris
95658,rlmN,palustris
95663,pyrE,palustris
95675,tpiA,palustris
95692,secB,palustris
95817,uvrA,palustris
95955,ftsZ,palustris
95991,rsfS,palustris
96036,rplA,palustris
96554,clpB,palustris
96645,recA,palustris
96696,fmt,palustris
96903,accA,palustris
96999,mutS,palustris
97156,obg,palustris
97792,ppa,palustris
97843,rplV,palustris
98199,ackA,palustris
99483,ligA,palustris
99802,hslU,palustris
99886,dnaJ,palustris
101261,murE,palustris
101957,msrA,palustris
102418,lepA,palustris
102880,rnr,palustris
103972,hflX,palustris
104166,rplQ,palustris
104935,purE,palustris
106361,ribH,palustris
107348,murD,palustris
107537,rpmD,palustris
107885,der,palustris
108105,menB,palustris
109220,atpH,palustris
109441,grpE,palustris
113171,gmk,palustris
114592,rpsD,smegmatis
114594,rplX,smegmatis
114596,rplL,smegmatis
114602,rplI,smegmatis
114604,prfA,smegmatis
114607,rho,smegmatis
114614,ilvC,smegmatis
114615,metK,smegmatis
114619,rpsC,smegmatis
114630,tuf,smegmatis
114636,sucC,smegmatis
114645,rplJ,smegmatis
114659,rpsB,smegmatis
114669,tig,smegmatis
114671,rplO,smegmatis
114682,leuA,smegmatis
114702,serC,smegmatis
114721,etfA,smegmatis
114729,gatB,smegmatis
114731,rpsF,smegmatis
114754,rpoA,smegmatis
114758,glyA,smegmatis
114768,rplS,smegmatis
114773,atpA,smegmatis
114774,rpoB,smegmatis
114776,rplB,smegmatis
114795,ahcY,smegmatis
114799,argS,smegmatis
114816,rpsI,smegmatis
114820,tsf,smegmatis
114824,tpx,smegmatis
114834,rpoC,smegmatis
114835,carB,smegmatis
114838,atpD,smegmatis
114841,rpsG,smegmatis
114848,rpsE,smegmatis
114852,rplA,smegmatis
114882,murA,smegmatis
114883,fumC,smegmatis
114906,thrS,smegmatis
114939,rplV,smegmatis
114965,rplE,smegmatis
114967,recA,smegmatis
114982,rplW,smegmatis
115017,rplU,smegmatis
115071,leuS,smegmatis
115076,hisS,smegmatis
115078,asd,smegmatis
115082,rpsJ,smegmatis
115086,ettA,smegmatis
115118,acpP,smegmatis
115120,rpoZ,smegmatis
115124,gcvH,smegmatis
115145,rpsH,smegmatis
115162,rimP,smegmatis
115163,typA,smegmatis
115184,rplT,smegmatis
115198,aroC,smegmatis
115212,atpG,smegmatis
115215,trpA,smegmatis
115216,rplD,smegmatis
115221,purH,smegmatis
115222,pheT,smegmatis
115236,valS,smegmatis
115253,hemE,smegmatis
115283,ispG,smegmatis
115320,pepA,smegmatis
115330,ftsZ,smegmatis
115349,smc,smegmatis
115364,argG,smegmatis
115383,pdhA,smegmatis
115389,rplM,smegmatis
115390,prfB,smegmatis
115423,coaBC,smegmatis
115448,rpsS,smegmatis
115464,gcvP,smegmatis
115467,rpsK,smegmatis
115513,rplC,smegmatis
115543,topA,smegmatis
115577,rplR,smegmatis
115652,dxr,smegmatis
115693,rpsO,smegmatis
115714,rpsP,smegmatis
115749,ddl,smegmatis
115816,rpmA,smegmatis
115827,lexA,smegmatis
115834,purA,smegmatis
115837,rplF,smegmatis
115854,frr,smegmatis
115979,pgk,smegmatis
115996,pyrG,smegmatis
116003,hisH,smegmatis
116005,tyrS,smegmatis
116052,proS,smegmatis
116093,proC,smegmatis
116112,grpE,smegmatis
116156,purD,smegmatis
116188,rpmD,smegmatis
116259,rplK,smegmatis
116317,rpsT,smegmatis
116320,adk,smegmatis
116360,ilvE,smegmatis
116375,nusG,smegmatis
116404,rplQ,smegmatis
116490,thrC,smegmatis
116575,def,smegmatis
116941,alaS,smegmatis
117004,aroB,smegmatis
117046,tsf,subtilis168
117047,gltX,subtilis168
117048,rpsQ,subtilis168
117058,rplW,subtilis168
117059,ndk,subtilis168
117074,rplK,subtilis168
117075,prfB,subtilis168
117076,glyS,subtilis168
117078,gatB,subtilis168
117079,ftsZ,subtilis168
117083,rpsB,subtilis168
117091,atpH,subtilis168
117092,pdhA,subtilis168
117097,pnp,subtilis168
117098,groL,subtilis168
117102,atpG,subtilis168
117106,tuf,subtilis168
117109,alaS,subtilis168
117110,atpA,subtilis168
117111,sucC,subtilis168
117112,rplL,subtilis168
117119,rplR,subtilis168
117120,rplU,subtilis168
117124,der,subtilis168
117127,lysS,subtilis168
117130,gatC,subtilis168
117134,metK,subtilis168
117141,gyrA,subtilis168
117147,atpD,subtilis168
117152,accA,subtilis168
117162,zwf,subtilis168
117164,rpsC,subtilis168
117165,guaB,subtilis168
117167,fusA,subtilis168
117168,rplF,subtilis168
117173,atpF,subtilis168
117176,pgk,subtilis168
117181,pdxS,subtilis168
117187,cysK,subtilis168
117191,rpsI,subtilis168
117196,groS,subtilis168
117202,pckA,subtilis168
117210,rpsP,subtilis168
117255,eno,subtilis168
117269,dnaK,subtilis168
117271,rplB,subtilis168
117272,ispG,subtilis168
117294,tig,subtilis168
117300,rplC,subtilis168
117315,aroA,subtilis168
117316,kbl,subtilis168
117321,mreB,subtilis168
117323,rplJ,subtilis168
117339,rpsG,subtilis168
117343,rplA,subtilis168
117349,obg,subtilis168
117351,rplE,subtilis168
117353,tpiA,subtilis168
117364,menB,subtilis168
117372,pfkA,subtilis168
117377,mdh,subtilis168
117382,sufC,subtilis168
117388,sucD,subtilis168
117390,argS,subtilis168
117391,rpsH,subtilis168
117396,hemL,subtilis168
117398,infB,subtilis168
117411,aspS,subtilis168
117436,rplN,subtilis168
117438,rpoC,subtilis168
117474,atpC,subtilis168
117484,glyA,subtilis168
117499,pyrG,subtilis168
117508,gcvH,subtilis168
117512,tpx,subtilis168
117534,pgi,subtilis168
117538,serS,subtilis168
117546,fumC,subtilis168
117554,tal,subtilis168
117571,rpoA,subtilis168
117573,rpoB,subtilis168
117574,rpsE,subtilis168
117588,greA,subtilis168
117591,thrC,subtilis168
117605,ftsY,subtilis168
117619,rplD,subtilis168
117653,pheT,subtilis168
117654,grpE,subtilis168
117657,purM,subtilis168
117681,clpP,subtilis168
117704,gpmI,subtilis168
117714,mnmE,subtilis168
117745,rplQ,subtilis168
117767,glnA,subtilis168
117771,rpsD,subtilis168
117785,dapA,subtilis168
117786,lexA,subtilis168
117795,prfA,subtilis168
117818,hemE,subtilis168
117836,rplO,subtilis168
117855,rplT,subtilis168
117868,gyrB,subtilis168
117901,ileS,subtilis168
117918,ftsH,subtilis168
117998,etfA,subtilis168
118036,prs,subtilis168
118061,ffh,subtilis168
118079,rpsT,subtilis168
118107,rpmA,subtilis168
118316,ddl,subtilis168
118368,asd,subtilis168
118397,murE,subtilis168
118402,ftsA,subtilis168
118431,guaA,subtilis168
118497,adk,subtilis168
118562,htpG,subtilis168
118627,infA,subtilis168
118641,efp,subtilis168
118650,glmS,subtilis168
118661,rpsO,subtilis168
118890,ychF,subtilis168
118895,pepT,subtilis168
118931,valS,subtilis168
118996,rpsL,subtilis168
119028,rplX,subtilis168
119047,rpmD,subtilis168
119057,rsmH,subtilis168
119108,infC,subtilis168
119216,rpsJ,subtilis168
119356,purA,subtilis168
119384,rpoZ,subtilis168
119699,frr,subtilis168
119772,ackA,subtilis168
119795,nusA,subtilis168
119810,upp,subtilis168
119967,typA,thermosulf
119968,prfA,thermosulf
119970,infB,thermosulf
119972,groL,thermosulf
119975,rplL,thermosulf
119981,polA,thermosulf
119982,ppa,thermosulf
119985,rplF,thermosulf
119988,tuf,thermosulf
119995,ftsZ,thermosulf
120002,purD,thermosulf
120006,rplB,thermosulf
120022,menB,thermosulf
120024,rpsI,thermosulf
120028,tal,thermosulf
120033,dnaK,thermosulf
120035,glnA,thermosulf
120036,mdh,thermosulf
120051,rpsP,thermosulf
120052,efp,thermosulf
120053,pheT,thermosulf
120071,tsf,thermosulf
120076,acpP,thermosulf
120080,tig,thermosulf
120084,zwf,thermosulf
120089,pdxS,thermosulf
120099,glyS,thermosulf
120103,glpK,thermosulf
120115,glyA,thermosulf
120128,rpsS,thermosulf
120140,rpsG,thermosulf
120157,obg,thermosulf
120158,lon,thermosulf
120170,clpP,thermosulf
120174,der,thermosulf
120186,rimO,thermosulf
120188,gpmI,thermosulf
120190,ileS,thermosulf
120191,mreB,thermosulf
120192,hisS,thermosulf
120200,rpsB,thermosulf
120208,ilvC,thermosulf
120216,eno,thermosulf
120234,atpD,thermosulf
120235,fusA,thermosulf
120254,clpX,thermosulf
120256,rpmA,thermosulf
120262,murC,thermosulf
120268,cysK,thermosulf
120284,argH,thermosulf
120330,sucD,thermosulf
120345,valS,thermosulf
120349,metG,thermosulf
120355,greA,thermosulf
120368,leuC,thermosulf
120373,rplN,thermosulf
120410,clpB,thermosulf
120416,rpsC,thermosulf
120418,nuoD,thermosulf
120428,rplC,thermosulf
120437,murE,thermosulf
120443,rplK,thermosulf
120468,nadE,thermosulf
120484,rpsE,thermosulf
120491,nusG,thermosulf
120496,ispG,thermosulf
120499,ilvE,thermosulf
120539,recA,thermosulf
120540,ilvD,thermosulf
120542,purA,thermosulf
120547,rpsD,thermosulf
120551,rpsH,thermosulf
120564,tpiA,thermosulf
120575,sucC,thermosulf
120580,rpsL,thermosulf
120631,proS,thermosulf
120655,alaS,thermosulf
120656,sufC,thermosulf
120662,adk,thermosulf
120666,purL,thermosulf
120668,gatB,thermosulf
120681,ffh,thermosulf
120699,trpB,thermosulf
120703,rpoA,thermosulf
120704,rplP,thermosulf
120750,gap,thermosulf
120759,glmU,thermosulf
120770,aroC,thermosulf
120776,rpoB,thermosulf
120784,aspS,thermosulf
120801,leuS,thermosulf
120819,guaB,thermosulf
120820,ftsA,thermosulf
120830,rplW,thermosulf
120844,gcvH,thermosulf
120847,pgl,thermosulf
120857,guaA,thermosulf
120874,pdxA,thermosulf
120884,hemE,thermosulf
120885,dapB,thermosulf
120895,murD,thermosulf
120897,prs,thermosulf
120959,dapA,thermosulf
120965,hemL,thermosulf
120978,panB,thermosulf
121011,nusA,thermosulf
121046,def,thermosulf
121063,pgk,thermosulf
121070,hslU,thermosulf
121117,upp,thermosulf
121173,rplJ,thermosulf
121179,rplA,thermosulf
121206,argG,thermosulf
121222,hutU,thermosulf
121326,thrC,thermosulf
121350,coaBC,thermosulf
121430,thiC,thermosulf
121543,tyrS,thermosulf
121581,rpsR,thermosulf
121621,aroA,thermosulf
121671,ftsY,thermosulf
121709,thrS,thermosulf
121823,rplE,thermosulf
121896,atpG,thermosulf
121923,glmS,thermosulf
122023,lysS,thermosulf
122033,hisH,thermosulf
122066,rplU,thermosulf
122094,frr,thermosulf
122136,rplI,thermosulf
122191,rpoC,thermosulf
122197,secA,thermosulf
122357,ribH,thermosulf
122487,pnp,thermosulf
122491,atpH,thermosulf
122542,atpC,thermosulf
122626,pepA,thermosulf
122836,fmt,thermosulf
123115,serS,thermosulf
123213,rpsQ,thermosulf
123304,gcvT,thermosulf
123313,rplR,thermosulf
123635,hisD,thermosulf
123735,folD,thermosulf
123880,rpe,thermosulf
123888,rpsD,thet
123892,dnaK,thet
123893,eno,thet
123894,rpmB,thet
123895,rplB,thet
123900,frr,thet
123903,leuB,thet
123904,ALB,thet
123914,rplX,thet
123919,rpsL,thet
123925,pnp,thet
123927,pyrE,thet
123928,polA,thet
123931,infB,thet
123941,pckA,thet
123943,secA,thet
123946,alaS,thet
123952,rpsP,thet
123965,htpG,thet
123966,rpsU,thet
123967,tsf,thet
123969,rpsH,thet
123976,tuf,thet
123979,msrA,thet
123982,mdh,thet
123985,rpoC,thet
123988,gcvP,thet
123994,rplS,thet
124007,rpsB,thet
124041,groL,thet
124044,pgi,thet
124047,tyrS,thet
124048,hisA,thet
124060,rplA,thet
124062,thrS,thet
124072,pyrG,thet
124084,rplL,thet
124085,rplQ,thet
124091,rplF,thet
124092,purC,thet
124103,fusA,thet
124106,purL,thet
124109,rpsF,thet
124110,rpoB,thet
124112,pgk,thet
124113,clpB,thet
124128,ileS,thet
124130,rplK,thet
124132,rpsC,thet
124143,purA,thet
124145,rpmI,thet
124164,rpsI,thet
124171,rpsM,thet
124172,rny,thet
124178,coaBC,thet
124185,purH,thet
124186,rpsS,thet
124187,pyrH,thet
124188,rpsK,thet
124191,serC,thet
124197,rplI,thet
124200,valS,thet
124216,groS,thet
124217,rpmA,thet
124230,ispG,thet
124232,folD,thet
124235,rpsG,thet
124247,gyrA,thet
124255,rpsO,thet
124268,ahcY,thet
124275,atpF,thet
124289,rplO,thet
124295,atpA,thet
124328,pheT,thet
124332,def,thet
124338,rplE,thet
124347,greA,thet
124355,clpP,thet
124360,efp,thet
124370,rplU,thet
124447,rplC,thet
124460,lpxD,thet
124470,rplT,thet
124481,tpiA,thet
124499,dxr,thet
124505,panC,thet
124510,rplR,thet
124515,menB,thet
124561,aspS,thet
124578,rpsE,thet
124582,adk,thet
124613,rplM,thet
124621,argS,thet
124658,asnS,thet
124711,nusA,thet
124729,hflX,thet
124736,guaB,thet
124742,rplW,thet
124745,gcvH,thet
124747,acpP,thet
124757,kbl,thet
124761,topA,thet
124783,rplP,thet
124792,gpmI,thet
124807,tpx,thet
124821,leuA,thet
124825,pepT,thet
124834,bioB,thet
124836,zwf,thet
124845,leuS,thet
124872,rplD,thet
124881,nusG,thet
124882,rpmC,thet
124891,hisS,thet
124893,pheS,thet
124899,atpD,thet
124901,rplN,thet
124921,nadE,thet
124973,aroC,thet
124990,ftsY,thet
125021,rpoA,thet
125026,murE,thet
125033,cmk,thet
125049,asd,thet
125097,gyrB,thet
125270,rplY,thet
125291,gltX,thet
125296,dapA,thet
125322,der,thet
125438,rpsT,thet
125453,rpsJ,thet
125519,cysS,thet
125520,rpsR,thet
125553,tal,thet
125557,infA,thet
125594,rho,thet
125658,purE,thet
125765,glyA,thet
125791,proC,thet
125854,leuC,thet
125935,prfA,thet
125938,metK,thet
125955,proS,thet
126039,grpE,thet
126334,dnaX,thet
126360,rpsN,thet
126583,rpmG,thet
126621,ackA,thet
126637,purD,thet
126751,rplV,thet
126815,rnr,thet
126820,pyrD,thet
127042,lysS,thet
127142,hisD,thet
127191,rpmD,thet
127296,ligA,thet
127329,metG,thet
127910,rpe,thet
127999,ffh,thet
128002,murF,thet
128019,pgl,thet
128137,clpX,thet
128222,ettA,thet
128317,recA,thet
128536,ftsZ,thet
129149,argH,thet
129544,argB,thet
130529,atpG,thet
130539,ilvD,thet
132598,mreB,thet
134025,mnmE,thet
136890,rsfS,thet
137090,gcvT,thet
137675,obg,thet
138095,gmk,thet
138214,panB,thet
138534,sucD,thet
139018,map,thet
139705,argC,thet
142384,hisC,thet
142652,hutU,thet
144254,prmA,thet
144292,pdxA,thet
145255,folE,thet
146135,ftsA,thet
146177,carA,thet
146331,yidC,thet
146566,lepA,thet
146637,lysA,thet
147221,pyrB,thet
147610,ddl,thet
147725,ftsH,thet
147841,ychF,thet
148127,tatA,thet
148292,rimP,thet
149060,queA,thet
149484,valS,tumefaciens
149485,ribB,tumefaciens
149486,rpsF,tumefaciens
149487,fusA,tumefaciens
149488,rpsD,tumefaciens
149489,rpsN,tumefaciens
149491,rpmB,tumefaciens
149495,rpoB,tumefaciens
149496,rpsE,tumefaciens
149501,dnaK,tumefaciens
149505,rpoD,tumefaciens
149508,rpmG,tumefaciens
149509,infB,tumefaciens
149510,dnaJ,tumefaciens
149512,clpB,tumefaciens
149519,rpsG,tumefaciens
149523,rplO,tumefaciens
149524,atpA,tumefaciens
149527,rpsM,tumefaciens
149535,argG,tumefaciens
149542,cysS,tumefaciens
149543,prfB,tumefaciens
149545,pnp,tumefaciens
149551,prfA,tumefaciens
149553,rplL,tumefaciens
149559,rpsL,tumefaciens
149566,sucD,tumefaciens
149568,ahcY,tumefaciens
149569,rplQ,tumefaciens
149578,pgi,tumefaciens
149584,tatA,tumefaciens
149592,gyrB,tumefaciens
149593,rplB,tumefaciens
149615,argH,tumefaciens
149616,rplX,tumefaciens
149617,carB,tumefaciens
149628,tal,tumefaciens
149629,tuf,tumefaciens
149631,rplA,tumefaciens
149634,rpsQ,tumefaciens
149644,rpsS,tumefaciens
149646,purD,tumefaciens
149652,rplF,tumefaciens
149657,pgl,tumefaciens
149658,ligA,tumefaciens
149662,rpoZ,tumefaciens
149671,efp,tumefaciens
149674,zwf,tumefaciens
149678,aspS,tumefaciens
149684,rpsB,tumefaciens
149697,pheS,tumefaciens
149702,ddl,tumefaciens
149706,murE,tumefaciens
149708,hslU,tumefaciens
149734,rplR,tumefaciens
149736,mutS,tumefaciens
149737,lysS,tumefaciens
149738,nusA,tumefaciens
149747,rpmD,tumefaciens
149749,argJ,tumefaciens
149751,leuB,tumefaciens
149761,ftsZ,tumefaciens
149772,tig,tumefaciens
149780,accA,tumefaciens
149781,atpG,tumefaciens
149782,rplC,tumefaciens
149787,rpsC,tumefaciens
149789,pckA,tumefaciens
149799,rpmE,tumefaciens
149814,nuoD,tumefaciens
149819,ftsH,tumefaciens
149821,pdhA,tumefaciens
149827,grpE,tumefaciens
149834,rplI,tumefaciens
149836,gcvP,tumefaciens
149837,lon,tumefaciens
149841,purA,tumefaciens
149850,cmk,tumefaciens
149852,guaB,tumefaciens
149863,fumC,tumefaciens
149886,folE,tumefaciens
149899,rpsP,tumefaciens
149915,sucC,tumefaciens
149927,fabH,tumefaciens
149963,glyS,tumefaciens
149968,der,tumefaciens
149983,frr,tumefaciens
149995,msrA,tumefaciens
149998,ilvD,tumefaciens
149999,bioB,tumefaciens
150000,greA,tumefaciens
150019,glmS,tumefaciens
150028,lexA,tumefaciens
150048,purF,tumefaciens
150064,polA,tumefaciens
150065,rpoC,tumefaciens
150066,rplN,tumefaciens
150113,rplW,tumefaciens
150130,pyrG,tumefaciens
150131,guaA,tumefaciens
150146,secA,tumefaciens
150148,pepA,tumefaciens
150161,gcvT,tumefaciens
150164,leuS,tumefaciens
150191,ilvC,tumefaciens
150195,tsf,tumefaciens
150204,rplJ,tumefaciens
150209,ychF,tumefaciens
150212,gatB,tumefaciens
150227,ribH,tumefaciens
150229,alaS,tumefaciens
150258,trpS,tumefaciens
150261,clpX,tumefaciens
150268,ALB,tumefaciens
150273,hisA,tumefaciens
150295,rpmC,tumefaciens
150303,rplP,tumefaciens
150304,thrS,tumefaciens
150307,upp,tumefaciens
150326,serS,tumefaciens
150337,murA,tumefaciens
150343,metG,tumefaciens
150346,pgk,tumefaciens
150349,rplT,tumefaciens
150365,rplS,tumefaciens
150367,folD,tumefaciens
150373,ettA,tumefaciens
150398,atpF,tumefaciens
150408,hisC,tumefaciens
150442,yidC,tumefaciens
150444,gpmI,tumefaciens
150446,nusG,tumefaciens
150457,purC,tumefaciens
150473,carA,tumefaciens
150483,rplE,tumefaciens
150501,purH,tumefaciens
150506,clpP,tumefaciens
150510,ppa,tumefaciens
150524,rnr,tumefaciens
150533,pheT,tumefaciens
150543,trpB,tumefaciens
150583,rpsO,tumefaciens
150620,gatA,tumefaciens
150630,mdh,tumefaciens
150650,proS,tumefaciens
150656,glmU,tumefaciens
150699,argS,tumefaciens
150717,atpD,tumefaciens
150725,thiC,tumefaciens
150767,glyA,tumefaciens
150771,nadE,tumefaciens
150781,argC,tumefaciens
150782,aroA,tumefaciens
150795,gcvH,tumefaciens
150800,rplY,tumefaciens
150924,recA,tumefaciens
150950,katG,tumefaciens
150955,rpmA,tumefaciens
150961,rne,tumefaciens
150962,purE,tumefaciens
150965,hisS,tumefaciens
150971,argB,tumefaciens
151000,ftsA,tumefaciens
151009,tyrS,tumefaciens
151012,rpsK,tumefaciens
151074,rpsH,tumefaciens
151139,rpsI,tumefaciens
151143,glpK,tumefaciens
151186,hutU,tumefaciens
151231,hisH,tumefaciens
151273,groS,tumefaciens
151289,uvrA,tumefaciens
151337,argD,tumefaciens
151341,rplK,tumefaciens
151401,murF,tumefaciens
151404,aroB,tumefaciens
151415,rho,tumefaciens
151448,gyrA,tumefaciens
151474,hemE,tumefaciens
151491,hisD,tumefaciens
151497,pyrD,tumefaciens
151527,eno,tumefaciens
151613,ftsY,tumefaciens
151631,rplM,tumefaciens
151663,gltX,tumefaciens
151676,rpoA,tumefaciens
151706,ileS,tumefaciens
151779,ispG,tumefaciens
151931,accD,tumefaciens
151941,mnmG,tumefaciens
151959,rplD,tumefaciens
151970,dxs,tumefaciens
152019,adk,tumefaciens
152033,hflX,tumefaciens
152068,rplV,tumefaciens
152071,secB,tumefaciens
152077,pyrB,tumefaciens
152078,purM,tumefaciens
152210,atpH,tumefaciens
152231,proA,tumefaciens
152274,coaBC,tumefaciens
152343,kdsA,tumefaciens
152351,tpiA,tumefaciens
152435,murD,tumefaciens
152437,purL,tumefaciens
152508,pyrE,tumefaciens
152587,proC,tumefaciens
152633,trpA,tumefaciens
152649,def,tumefaciens
152686,infA,tumefaciens
152815,topA,tumefaciens
152838,atpC,tumefaciens
152954,ndk,tumefaciens
152959,rlmN,tumefaciens
153032,rimP,tumefaciens
153115,dnaX,tumefaciens
153456,lpxD,tumefaciens
153692,gmk,tumefaciens
153705,asd,tumefaciens
155300,lysA,tumefaciens
155392,ffh,tumefaciens
155834,pdxA,tumefaciens
156490,murC,tumefaciens
156828,smc,tumefaciens
157933,pyrH,tumefaciens
158247,map,tumefaciens
158583,aroC,tumefaciens
159210,rsmH,tumefaciens
159654,lepA,tumefaciens
160219,rsfS,tumefaciens
