	Gene	Organism
0	secB	Acidiphilium_cryptum
1	prfA	Acidiphilium_cryptum
5	prfB	Acidiphilium_cryptum
9	greA	Acidiphilium_cryptum
10	atpH	Acidiphilium_cryptum
14	efp	Acidiphilium_cryptum
21	groL	Acidiphilium_cryptum
29	eno	Acidiphilium_cryptum
31	tolB	Acidiphilium_cryptum
40	metK	Acidiphilium_cryptum
50	rplL	Acidiphilium_cryptum
57	ndk	Acidiphilium_cryptum
58	rplK	Acidiphilium_cryptum
80	groS	Acidiphilium_cryptum
85	rpsT	Acidiphilium_cryptum
109	tig	Acidiphilium_cryptum
114	pdxS	Acidiphilium_cryptum
122	fusA	Acidiphilium_cryptum
124	grpE	Acidiphilium_cryptum
129	pnp	Acidiphilium_cryptum
160	acpP	Acidiphilium_cryptum
163	tuf	Acidiphilium_cryptum
170	tsf	Acidiphilium_cryptum
200	rplJ	Acidiphilium_cryptum
216	atpD	Acidiphilium_cryptum
243	rpsS	Acidiphilium_cryptum
257	mdh	Acidiphilium_cryptum
294	zwf	Acidiphilium_cryptum
295	ribH	Acidiphilium_cryptum
329	ppa	Acidiphilium_cryptum
368	tatA	Acidiphilium_cryptum
377	rpoC	Acidiphilium_cryptum
380	rne	Acidiphilium_cryptum
382	rplO	Acidiphilium_cryptum
391	rplX	Acidiphilium_cryptum
414	frr	Acidiphilium_cryptum
435	rplC	Acidiphilium_cryptum
467	dnaK	Acidiphilium_cryptum
548	acsA	Acidiphilium_cryptum
593	atpA	Acidiphilium_cryptum
732	pdhA	Acidiphilium_cryptum
744	ilvE	Acidiphilium_cryptum
835	trpS	Acidiphilium_cryptum
860	nusA	Acidiphilium_cryptum
863	katG	Acidiphilium_cryptum
911	sucC	Acidiphilium_cryptum
1014	rpmG	Acidiphilium_cryptum
1085	asd	Acidiphilium_cryptum
1130	rpoZ	Acidiphilium_cryptum
1241	ilvC	Acidiphilium_cryptum
1257	rpsG	Acidiphilium_cryptum
1329	rpsQ	Bacillus_subtilis
1340	rplK	Bacillus_subtilis
1341	prfB	Bacillus_subtilis
1344	rpsB	Bacillus_subtilis
1349	pdhA	Bacillus_subtilis
1352	gatB	Bacillus_subtilis
1354	atpG	Bacillus_subtilis
1356	rplL	Bacillus_subtilis
1358	der	Bacillus_subtilis
1361	lysS	Bacillus_subtilis
1362	rplU	Bacillus_subtilis
1364	metK	Bacillus_subtilis
1366	sucC	Bacillus_subtilis
1367	gyrA	Bacillus_subtilis
1368	accA	Bacillus_subtilis
1374	zwf	Bacillus_subtilis
1377	atpF	Bacillus_subtilis
1380	rpsC	Bacillus_subtilis
1382	tsf	Bacillus_subtilis
1383	tuf	Bacillus_subtilis
1389	atpA	Bacillus_subtilis
1390	groS	Bacillus_subtilis
1391	ndk	Bacillus_subtilis
1394	pckA	Bacillus_subtilis
1400	rpsP	Bacillus_subtilis
1406	pgk	Bacillus_subtilis
1414	groL	Bacillus_subtilis
1428	eno	Bacillus_subtilis
1436	dnaK	Bacillus_subtilis
1443	fusA	Bacillus_subtilis
1452	tig	Bacillus_subtilis
1455	atpD	Bacillus_subtilis
1456	rplC	Bacillus_subtilis
1467	aroA	Bacillus_subtilis
1468	kbl	Bacillus_subtilis
1473	rplJ	Bacillus_subtilis
1474	rplB	Bacillus_subtilis
1480	ahpC	Bacillus_subtilis
1481	rpsG	Bacillus_subtilis
1488	rplE	Bacillus_subtilis
1490	tpiA	Bacillus_subtilis
1499	menB	Bacillus_subtilis
1506	pfkA	Bacillus_subtilis
1509	dnaN	Bacillus_subtilis
1512	ftsZ	Bacillus_subtilis
1516	sucD	Bacillus_subtilis
1517	rpsH	Bacillus_subtilis
1520	pta	Bacillus_subtilis
1535	glyS	Bacillus_subtilis
1540	argS	Bacillus_subtilis
1572	atpC	Bacillus_subtilis
1577	mdh	Bacillus_subtilis
1599	gcvH	Bacillus_subtilis
1603	tpx	Bacillus_subtilis
1620	pgi	Bacillus_subtilis
1623	serS	Bacillus_subtilis
1630	fumC	Bacillus_subtilis
1637	tal	Bacillus_subtilis
1649	rpoA	Bacillus_subtilis
1651	rpsE	Bacillus_subtilis
1654	gltX	Bacillus_subtilis
1663	greA	Bacillus_subtilis
1666	thrC	Bacillus_subtilis
1678	ftsY	Bacillus_subtilis
1691	rplD	Bacillus_subtilis
1715	alaS	Bacillus_subtilis
1719	purM	Bacillus_subtilis
1736	clpP	Bacillus_subtilis
1752	gpmI	Bacillus_subtilis
1787	rplQ	Bacillus_subtilis
1803	glnA	Bacillus_subtilis
1807	rpsD	Bacillus_subtilis
1813	rpoB	Bacillus_subtilis
1820	dapA	Bacillus_subtilis
1829	prfA	Bacillus_subtilis
1831	etfB	Bacillus_subtilis
1848	hemE	Bacillus_subtilis
1856	infB	Bacillus_subtilis
1861	rplO	Bacillus_subtilis
1874	rplT	Bacillus_subtilis
1880	gyrB	Bacillus_subtilis
1886	gatC	Bacillus_subtilis
1895	rplA	Bacillus_subtilis
1904	ileS	Bacillus_subtilis
1909	pdxS	Bacillus_subtilis
1916	ftsH	Bacillus_subtilis
1970	pyrG	Bacillus_subtilis
1975	etfA	Bacillus_subtilis
1983	ispG	Bacillus_subtilis
1993	glyA	Bacillus_subtilis
1996	pheT	Bacillus_subtilis
2009	prs	Bacillus_subtilis
2033	rpsT	Bacillus_subtilis
2069	guaB	Bacillus_subtilis
2082	cysK	Bacillus_subtilis
2182	rplR	Bacillus_subtilis
2231	murE	Bacillus_subtilis
2257	guaA	Bacillus_subtilis
2313	adk	Bacillus_subtilis
2331	rplF	Bacillus_subtilis
2369	htpG	Bacillus_subtilis
2426	infA	Bacillus_subtilis
2440	glmS	Bacillus_subtilis
2442	rpoC	Bacillus_subtilis
2450	rpsO	Bacillus_subtilis
2629	ychF	Bacillus_subtilis
2710	rpsL	Bacillus_subtilis
2728	rplX	Bacillus_subtilis
2737	rpmD	Bacillus_subtilis
2837	rpsJ	Bacillus_subtilis
2853	infC	Bacillus_subtilis
2855	mreB	Bacillus_subtilis
3005	acsA	Bacillus_subtilis
3024	accB	Bacillus_subtilis
3212	frr	Bacillus_subtilis
3274	ackA	Bacillus_subtilis
3305	upp	Bacillus_subtilis
3317	atpH	Bacillus_subtilis
3378	valS	Bacillus_subtilis
3431	pdhA	Cellulophaga_baltica
3434	groEL	Cellulophaga_baltica
3435	prfB	Cellulophaga_baltica
3436	atpF	Cellulophaga_baltica
3438	rpsE	Cellulophaga_baltica
3442	dnaK	Cellulophaga_baltica
3446	fusA	Cellulophaga_baltica
3448	rplB	Cellulophaga_baltica
3450	rplQ	Cellulophaga_baltica
3454	rpsB	Cellulophaga_baltica
3455	rpsK	Cellulophaga_baltica
3456	sucD	Cellulophaga_baltica
3457	infB	Cellulophaga_baltica
3459	rplX	Cellulophaga_baltica
3460	rpsM	Cellulophaga_baltica
3465	rpsP	Cellulophaga_baltica
3466	clpP	Cellulophaga_baltica
3470	rplU	Cellulophaga_baltica
3476	dxs	Cellulophaga_baltica
3487	rplL	Cellulophaga_baltica
3491	argH	Cellulophaga_baltica
3494	rpsH	Cellulophaga_baltica
3495	rpsT	Cellulophaga_baltica
3505	rpsQ	Cellulophaga_baltica
3506	rplC	Cellulophaga_baltica
3508	rplI	Cellulophaga_baltica
3509	rpsD	Cellulophaga_baltica
3512	tuf	Cellulophaga_baltica
3524	rplD	Cellulophaga_baltica
3540	purA	Cellulophaga_baltica
3541	rplM	Cellulophaga_baltica
3544	rplO	Cellulophaga_baltica
3555	rplK	Cellulophaga_baltica
3556	rplF	Cellulophaga_baltica
3558	infA	Cellulophaga_baltica
3559	rplA	Cellulophaga_baltica
3562	eno	Cellulophaga_baltica
3568	fumC	Cellulophaga_baltica
3569	mdh	Cellulophaga_baltica
3571	rpsI	Cellulophaga_baltica
3573	ddl	Cellulophaga_baltica
3584	atpG	Cellulophaga_baltica
3589	ffh	Cellulophaga_baltica
3601	sucC	Cellulophaga_baltica
3613	rplY	Cellulophaga_baltica
3615	groS	Cellulophaga_baltica
3620	rpmF	Cellulophaga_baltica
3626	atpA	Cellulophaga_baltica
3629	pckA	Cellulophaga_baltica
3631	recA	Cellulophaga_baltica
3632	rpmD	Cellulophaga_baltica
3650	nusA	Cellulophaga_baltica
3652	rpoA	Cellulophaga_baltica
3653	rpsJ	Cellulophaga_baltica
3666	rpsC	Cellulophaga_baltica
3686	rpoB	Cellulophaga_baltica
3711	rpsS	Cellulophaga_baltica
3728	rplE	Cellulophaga_baltica
3738	fabH	Cellulophaga_baltica
3747	ndk	Cellulophaga_baltica
3757	pnp	Cellulophaga_baltica
3759	lepA	Cellulophaga_baltica
3764	rplJ	Cellulophaga_baltica
3773	clpB	Cellulophaga_baltica
3808	tsf	Cellulophaga_baltica
3821	gyrA	Cellulophaga_baltica
3823	atpD	Cellulophaga_baltica
3853	tpiA	Cellulophaga_baltica
3858	ahcY	Cellulophaga_baltica
3862	serC	Cellulophaga_baltica
3867	glyA	Cellulophaga_baltica
3871	rpsG	Cellulophaga_baltica
3880	secA	Cellulophaga_baltica
3883	rplV	Cellulophaga_baltica
3909	aspS	Cellulophaga_baltica
3923	rpsR	Cellulophaga_baltica
3939	purL	Cellulophaga_baltica
3940	atpH	Cellulophaga_baltica
3943	pgl	Cellulophaga_baltica
3948	rpsF	Cellulophaga_baltica
3952	tal	Cellulophaga_baltica
3957	gcvP	Cellulophaga_baltica
3966	grpE	Cellulophaga_baltica
3971	proS	Cellulophaga_baltica
3977	pgk	Cellulophaga_baltica
3996	pgi	Cellulophaga_baltica
4002	metG	Cellulophaga_baltica
4017	alaS	Cellulophaga_baltica
4020	frr	Cellulophaga_baltica
4065	pheS	Cellulophaga_baltica
4076	gltA	Cellulophaga_baltica
4143	rplW	Cellulophaga_baltica
4197	rpsL	Cellulophaga_baltica
4201	accD	Cellulophaga_baltica
4272	rplN	Cellulophaga_baltica
4281	ftsZ	Cellulophaga_baltica
4286	rplS	Cellulophaga_baltica
4289	rpoC	Cellulophaga_baltica
4335	gyrB	Cellulophaga_baltica
4338	pfkA	Cellulophaga_baltica
4442	rpmC	Cellulophaga_baltica
4544	rplR	Cellulophaga_baltica
4561	ileS	Cellulophaga_baltica
4613	ftsH	Cellulophaga_baltica
4738	purH	Cellulophaga_baltica
4746	topA	Cellulophaga_baltica
4748	prfC	Cellulophaga_baltica
4770	ychF	Cellulophaga_baltica
4778	thrS	Cellulophaga_baltica
4791	aroC	Cellulophaga_baltica
4812	purD	Cellulophaga_baltica
4817	rho	Cellulophaga_baltica
4914	dapB	Cellulophaga_baltica
4931	zwf	Cellulophaga_baltica
4943	dnaJ	Cellulophaga_baltica
5049	guaB	Cellulophaga_baltica
5106	pyrG	Cellulophaga_baltica
5317	nusG	Cellulophaga_baltica
5545	rplP	Cellulophaga_baltica
5551	guaA	Cellulophaga_baltica
5674	yidC	Cellulophaga_baltica
5860	aroA	Cellulophaga_baltica
5908	tyrS	Cellulophaga_baltica
6026	glmS	Cellulophaga_baltica
6113	rpsN	Cellulophaga_baltica
6360	ackA	Cellulophaga_baltica
6437	gpmI	Cellulophaga_baltica
6634	asd	Cellulophaga_baltica
6710	argS	Cellulophaga_baltica
6888	kbl	Cellulophaga_baltica
7383	lysS	Cellulophaga_baltica
7508	folD	Cellulophaga_baltica
7873	ettA	Cellulophaga_baltica
8176	rpsO	Cellulophaga_baltica
8493	gatB	Cellvibrio_gilvus
8497	rpsB	Cellvibrio_gilvus
8500	rplK	Cellvibrio_gilvus
8513	rplC	Cellvibrio_gilvus
8520	leuS	Cellvibrio_gilvus
8522	rpsS	Cellvibrio_gilvus
8526	gltX	Cellvibrio_gilvus
8529	rpsT	Cellvibrio_gilvus
8534	pdxS	Cellvibrio_gilvus
8537	rplO	Cellvibrio_gilvus
8539	rplE	Cellvibrio_gilvus
8540	metK	Cellvibrio_gilvus
8543	rplM	Cellvibrio_gilvus
8545	prfB	Cellvibrio_gilvus
8550	tsf	Cellvibrio_gilvus
8553	ettA	Cellvibrio_gilvus
8556	rpsJ	Cellvibrio_gilvus
8558	rpoB	Cellvibrio_gilvus
8559	rplL	Cellvibrio_gilvus
8561	tuf	Cellvibrio_gilvus
8562	greA	Cellvibrio_gilvus
8563	rpsD	Cellvibrio_gilvus
8564	grpE	Cellvibrio_gilvus
8565	groL	Cellvibrio_gilvus
8566	atpA	Cellvibrio_gilvus
8579	sucD	Cellvibrio_gilvus
8592	fusA	Cellvibrio_gilvus
8593	rpsP	Cellvibrio_gilvus
8595	gcvP	Cellvibrio_gilvus
8596	dapA	Cellvibrio_gilvus
8598	rpsK	Cellvibrio_gilvus
8606	tig	Cellvibrio_gilvus
8611	rplD	Cellvibrio_gilvus
8617	purA	Cellvibrio_gilvus
8624	ppa	Cellvibrio_gilvus
8629	proA	Cellvibrio_gilvus
8641	tpiA	Cellvibrio_gilvus
8648	proS	Cellvibrio_gilvus
8660	ackA	Cellvibrio_gilvus
8661	rpoC	Cellvibrio_gilvus
8670	gyrA	Cellvibrio_gilvus
8671	atpD	Cellvibrio_gilvus
8678	rplT	Cellvibrio_gilvus
8681	rplA	Cellvibrio_gilvus
8682	rpsE	Cellvibrio_gilvus
8684	rpmD	Cellvibrio_gilvus
8687	rpsI	Cellvibrio_gilvus
8689	dnaK	Cellvibrio_gilvus
8690	rpsC	Cellvibrio_gilvus
8693	rplQ	Cellvibrio_gilvus
8696	sucC	Cellvibrio_gilvus
8713	rplJ	Cellvibrio_gilvus
8714	pnp	Cellvibrio_gilvus
8721	glpK	Cellvibrio_gilvus
8723	rplV	Cellvibrio_gilvus
8727	ffh	Cellvibrio_gilvus
8743	rpsG	Cellvibrio_gilvus
8789	rpsH	Cellvibrio_gilvus
8792	rplX	Cellvibrio_gilvus
8795	topA	Cellvibrio_gilvus
8799	eno	Cellvibrio_gilvus
8826	rpmF	Cellvibrio_gilvus
8828	rplB	Cellvibrio_gilvus
8831	ilvC	Cellvibrio_gilvus
8833	groS	Cellvibrio_gilvus
8842	ychF	Cellvibrio_gilvus
8844	frr	Cellvibrio_gilvus
8848	pgk	Cellvibrio_gilvus
8857	lysS	Cellvibrio_gilvus
8862	prs	Cellvibrio_gilvus
8870	rplF	Cellvibrio_gilvus
8881	adk	Cellvibrio_gilvus
8893	der	Cellvibrio_gilvus
8899	rpsF	Cellvibrio_gilvus
8926	fumC	Cellvibrio_gilvus
8935	rpsM	Cellvibrio_gilvus
8945	rpoA	Cellvibrio_gilvus
8947	acpP	Cellvibrio_gilvus
8987	rpsO	Cellvibrio_gilvus
8995	gcvT	Cellvibrio_gilvus
9031	rpmC	Cellvibrio_gilvus
9064	ftsZ	Cellvibrio_gilvus
9083	rpoZ	Cellvibrio_gilvus
9087	ispG	Cellvibrio_gilvus
9103	guaA	Cellvibrio_gilvus
9109	rpsQ	Cellvibrio_gilvus
9176	murA	Cellvibrio_gilvus
9196	polA	Cellvibrio_gilvus
9207	uvrA	Cellvibrio_gilvus
9216	rplR	Cellvibrio_gilvus
9234	rplU	Cellvibrio_gilvus
9254	valS	Cellvibrio_gilvus
9261	nusG	Cellvibrio_gilvus
9275	nuoD	Cellvibrio_gilvus
9292	infB	Cellvibrio_gilvus
9320	rsfS	Cellvibrio_gilvus
9328	secA	Cellvibrio_gilvus
9339	alaS	Cellvibrio_gilvus
9358	panB	Cellvibrio_gilvus
9383	rho	Cellvibrio_gilvus
9422	glmU	Cellvibrio_gilvus
9441	ALB	Cellvibrio_gilvus
9453	tal	Cellvibrio_gilvus
9694	pgi	Cellvibrio_gilvus
9698	rplI	Cellvibrio_gilvus
9768	aspS	Cellvibrio_gilvus
9808	rplS	Cellvibrio_gilvus
9872	argS	Cellvibrio_gilvus
9913	guaB	Cellvibrio_gilvus
9914	leuA	Cellvibrio_gilvus
10013	thrS	Cellvibrio_gilvus
10172	atpG	Cellvibrio_gilvus
10176	gatC	Cellvibrio_gilvus
10363	trpS	Cellvibrio_gilvus
10411	gyrB	Cellvibrio_gilvus
10449	nadE	Cellvibrio_gilvus
10627	purL	Cellvibrio_gilvus
10746	rpe	Cellvibrio_gilvus
10747	trpB	Cellvibrio_gilvus
10831	ileS	Cellvibrio_gilvus
10902	recA	Cellvibrio_gilvus
11029	dnaJ	Chryseobacterium_indologenes
11033	rpsL	Chryseobacterium_indologenes
11034	rplX	Chryseobacterium_indologenes
11038	prfA	Chryseobacterium_indologenes
11040	metK	Chryseobacterium_indologenes
11043	rpmB	Chryseobacterium_indologenes
11065	mdh	Chryseobacterium_indologenes
11067	gcvT	Chryseobacterium_indologenes
11070	rpsA	Chryseobacterium_indologenes
11074	rpoA	Chryseobacterium_indologenes
11078	mreB	Chryseobacterium_indologenes
11084	recA	Chryseobacterium_indologenes
11086	groL	Chryseobacterium_indologenes
11089	htpG	Chryseobacterium_indologenes
11090	rplF	Chryseobacterium_indologenes
11091	rpsB	Chryseobacterium_indologenes
11096	dnaK	Chryseobacterium_indologenes
11100	rpsF	Chryseobacterium_indologenes
11116	rplR	Chryseobacterium_indologenes
11124	tuf	Chryseobacterium_indologenes
11134	tig	Chryseobacterium_indologenes
11140	accA	Chryseobacterium_indologenes
11141	groS	Chryseobacterium_indologenes
11146	rplL	Chryseobacterium_indologenes
11159	prfB	Chryseobacterium_indologenes
11163	rpsT	Chryseobacterium_indologenes
11171	menB	Chryseobacterium_indologenes
11172	dnaN	Chryseobacterium_indologenes
11177	rplB	Chryseobacterium_indologenes
11179	katG	Chryseobacterium_indologenes
11185	rpoC	Chryseobacterium_indologenes
11193	tsf	Chryseobacterium_indologenes
11204	sucD	Chryseobacterium_indologenes
11208	fusA	Chryseobacterium_indologenes
11209	rpsG	Chryseobacterium_indologenes
11213	etfB	Chryseobacterium_indologenes
11215	rpsD	Chryseobacterium_indologenes
11222	rpsH	Chryseobacterium_indologenes
11225	zwf	Chryseobacterium_indologenes
11227	carA	Chryseobacterium_indologenes
11232	purD	Chryseobacterium_indologenes
11257	rplE	Chryseobacterium_indologenes
11282	rpsE	Chryseobacterium_indologenes
11288	rplM	Chryseobacterium_indologenes
11291	ftsZ	Chryseobacterium_indologenes
11316	rpsP	Chryseobacterium_indologenes
11331	rplI	Chryseobacterium_indologenes
11335	pnp	Chryseobacterium_indologenes
11341	rpmF	Chryseobacterium_indologenes
11344	rplO	Chryseobacterium_indologenes
11351	rplC	Chryseobacterium_indologenes
11363	topA	Chryseobacterium_indologenes
11367	asd	Chryseobacterium_indologenes
11368	gpmI	Chryseobacterium_indologenes
11369	rpsI	Chryseobacterium_indologenes
11372	rplT	Chryseobacterium_indologenes
11377	etfA	Chryseobacterium_indologenes
11385	pgl	Chryseobacterium_indologenes
11390	guaB	Chryseobacterium_indologenes
11397	infC	Chryseobacterium_indologenes
11404	pckA	Chryseobacterium_indologenes
11408	pheT	Chryseobacterium_indologenes
11417	hisS	Chryseobacterium_indologenes
11425	gcvP	Chryseobacterium_indologenes
11447	rplK	Chryseobacterium_indologenes
11449	rplU	Chryseobacterium_indologenes
11450	rplW	Chryseobacterium_indologenes
11463	gap	Chryseobacterium_indologenes
11467	secA	Chryseobacterium_indologenes
11478	ndk	Chryseobacterium_indologenes
11486	accB	Chryseobacterium_indologenes
11491	rpsC	Chryseobacterium_indologenes
11494	alaS	Chryseobacterium_indologenes
11498	greA	Chryseobacterium_indologenes
11504	der	Chryseobacterium_indologenes
11515	rfbA	Chryseobacterium_indologenes
11528	rpsJ	Chryseobacterium_indologenes
11550	rpoB	Chryseobacterium_indologenes
11560	purM	Chryseobacterium_indologenes
11566	glpK	Chryseobacterium_indologenes
11570	sucC	Chryseobacterium_indologenes
11574	guaA	Chryseobacterium_indologenes
11609	typA	Chryseobacterium_indologenes
11620	gyrB	Chryseobacterium_indologenes
11627	murD	Chryseobacterium_indologenes
11634	pgi	Chryseobacterium_indologenes
11635	pfkA	Chryseobacterium_indologenes
11672	clpP	Chryseobacterium_indologenes
11673	rplY	Chryseobacterium_indologenes
11698	rplA	Chryseobacterium_indologenes
11700	rplD	Chryseobacterium_indologenes
11703	grpE	Chryseobacterium_indologenes
11737	thrS	Chryseobacterium_indologenes
11746	argS	Chryseobacterium_indologenes
11754	gyrA	Chryseobacterium_indologenes
11758	rplJ	Chryseobacterium_indologenes
11785	nusA	Chryseobacterium_indologenes
11786	rpmA	Chryseobacterium_indologenes
11835	ahcY	Chryseobacterium_indologenes
11842	leuS	Chryseobacterium_indologenes
11851	purA	Chryseobacterium_indologenes
11853	atpD	Chryseobacterium_indologenes
11865	yidC	Chryseobacterium_indologenes
11879	purH	Chryseobacterium_indologenes
11884	kbl	Chryseobacterium_indologenes
11890	infA	Chryseobacterium_indologenes
11894	rpmC	Chryseobacterium_indologenes
11949	serS	Chryseobacterium_indologenes
11958	folD	Chryseobacterium_indologenes
11985	serC	Chryseobacterium_indologenes
12012	ileS	Chryseobacterium_indologenes
12028	nadE	Chryseobacterium_indologenes
12038	pgk	Chryseobacterium_indologenes
12063	glyA	Chryseobacterium_indologenes
12131	tal	Chryseobacterium_indologenes
12159	lysS	Chryseobacterium_indologenes
12167	metG	Chryseobacterium_indologenes
12185	murE	Chryseobacterium_indologenes
12248	atpA	Chryseobacterium_indologenes
12285	prs	Chryseobacterium_indologenes
12286	pyrE	Chryseobacterium_indologenes
12307	atpH	Chryseobacterium_indologenes
12348	tpx	Chryseobacterium_indologenes
12371	upp	Chryseobacterium_indologenes
12446	nusG	Chryseobacterium_indologenes
12451	rpsS	Chryseobacterium_indologenes
12456	rpmD	Chryseobacterium_indologenes
12488	murF	Chryseobacterium_indologenes
12535	rpsR	Chryseobacterium_indologenes
12539	tpiA	Chryseobacterium_indologenes
12545	rplQ	Chryseobacterium_indologenes
12546	gltX	Chryseobacterium_indologenes
12555	valS	Chryseobacterium_indologenes
12577	glmS	Chryseobacterium_indologenes
12592	accD	Chryseobacterium_indologenes
12640	coaBC	Chryseobacterium_indologenes
12642	frr	Chryseobacterium_indologenes
12653	pheS	Chryseobacterium_indologenes
12664	prfC	Chryseobacterium_indologenes
12674	atpG	Chryseobacterium_indologenes
12721	fumC	Chryseobacterium_indologenes
12730	nusB	Chryseobacterium_indologenes
12799	atpF	Chryseobacterium_indologenes
12803	hemE	Chryseobacterium_indologenes
12878	purC	Chryseobacterium_indologenes
12909	aroC	Chryseobacterium_indologenes
12913	dxs	Chryseobacterium_indologenes
13026	rnr	Chryseobacterium_indologenes
13087	infB	Chryseobacterium_indologenes
13150	pdxH	Chryseobacterium_indologenes
13167	polA	Chryseobacterium_indologenes
13169	rplN	Chryseobacterium_indologenes
13341	rpsQ	Chryseobacterium_indologenes
13415	dapD	Chryseobacterium_indologenes
13430	purF	Chryseobacterium_indologenes
13607	gmk	Chryseobacterium_indologenes
13654	efp	Chryseobacterium_indologenes
13695	rplP	Chryseobacterium_indologenes
13790	uvrA	Chryseobacterium_indologenes
14104	nuoD	Chryseobacterium_indologenes
14120	rplV	Chryseobacterium_indologenes
14142	ffh	Chryseobacterium_indologenes
14260	glnA	Chryseobacterium_indologenes
14534	ftsY	Chryseobacterium_indologenes
14574	glmM	Chryseobacterium_indologenes
14698	panB	Chryseobacterium_indologenes
14700	aspS	Chryseobacterium_indologenes
14710	carB	Chryseobacterium_indologenes
14754	pyrG	Chryseobacterium_indologenes
15756	fmt	Chryseobacterium_indologenes
16438	lepA	Chryseobacterium_indologenes
16623	rplB	Citrobacter_freundii
16625	prfB	Citrobacter_freundii
16628	gap	Citrobacter_freundii
16630	tpiA	Citrobacter_freundii
16631	rpsN	Citrobacter_freundii
16632	rplR	Citrobacter_freundii
16636	tig	Citrobacter_freundii
16637	purA	Citrobacter_freundii
16640	rne	Citrobacter_freundii
16644	rpsF	Citrobacter_freundii
16645	prfA	Citrobacter_freundii
16647	tatA	Citrobacter_freundii
16648	topA	Citrobacter_freundii
16649	glyA	Citrobacter_freundii
16652	rplC	Citrobacter_freundii
16653	mdh	Citrobacter_freundii
16654	rplA	Citrobacter_freundii
16657	rplF	Citrobacter_freundii
16667	tolB	Citrobacter_freundii
16677	atpA	Citrobacter_freundii
16678	eno	Citrobacter_freundii
16680	argG	Citrobacter_freundii
16683	rpmG	Citrobacter_freundii
16685	rpsA	Citrobacter_freundii
16686	alaS	Citrobacter_freundii
16691	tuf	Citrobacter_freundii
16693	pgk	Citrobacter_freundii
16699	glmU	Citrobacter_freundii
16700	kbl	Citrobacter_freundii
16706	infB	Citrobacter_freundii
16707	rpmF	Citrobacter_freundii
16709	pnp	Citrobacter_freundii
16710	rpmC	Citrobacter_freundii
16717	groEL	Citrobacter_freundii
16718	ileS	Citrobacter_freundii
16723	rpsK	Citrobacter_freundii
16728	rpsE	Citrobacter_freundii
16733	rplS	Citrobacter_freundii
16734	rplP	Citrobacter_freundii
16751	metG	Citrobacter_freundii
16755	glyS	Citrobacter_freundii
16762	pckA	Citrobacter_freundii
16763	atpD	Citrobacter_freundii
16768	rplN	Citrobacter_freundii
16771	fabH	Citrobacter_freundii
16772	rnr	Citrobacter_freundii
16775	rplV	Citrobacter_freundii
16781	dnaK	Citrobacter_freundii
16782	ilvC	Citrobacter_freundii
16785	frr	Citrobacter_freundii
16786	fusA	Citrobacter_freundii
16802	rpe	Citrobacter_freundii
16806	ndk	Citrobacter_freundii
16807	rfbA	Citrobacter_freundii
16813	rpoZ	Citrobacter_freundii
16814	rpsB	Citrobacter_freundii
16819	rpoB	Citrobacter_freundii
16821	efp	Citrobacter_freundii
16828	upp	Citrobacter_freundii
16830	rplL	Citrobacter_freundii
16833	typA	Citrobacter_freundii
16864	dksA	Citrobacter_freundii
16866	sucC	Citrobacter_freundii
16871	rpoC	Citrobacter_freundii
16876	rpsH	Citrobacter_freundii
16877	tal	Citrobacter_freundii
16879	yidC	Citrobacter_freundii
16888	acnA	Citrobacter_freundii
16891	gcvP	Citrobacter_freundii
16908	nusA	Citrobacter_freundii
16910	clpB	Citrobacter_freundii
16912	proS	Citrobacter_freundii
16913	acpP	Citrobacter_freundii
16914	tsf	Citrobacter_freundii
16925	rpsS	Citrobacter_freundii
16940	rplY	Citrobacter_freundii
16942	rplX	Citrobacter_freundii
16948	rpsR	Citrobacter_freundii
16957	rplK	Citrobacter_freundii
16959	argS	Citrobacter_freundii
16964	def	Citrobacter_freundii
16969	accB	Citrobacter_freundii
16976	lysS	Citrobacter_freundii
16980	pfkA	Citrobacter_freundii
16983	glmS	Citrobacter_freundii
16986	asd	Citrobacter_freundii
16988	murD	Citrobacter_freundii
16990	ALB	Citrobacter_freundii
16992	dapD	Citrobacter_freundii
17001	glpK	Citrobacter_freundii
17017	purC	Citrobacter_freundii
17020	grpE	Citrobacter_freundii
17038	gyrB	Citrobacter_freundii
17047	gcvH	Citrobacter_freundii
17055	serS	Citrobacter_freundii
17061	pta	Citrobacter_freundii
17072	leuS	Citrobacter_freundii
17073	serC	Citrobacter_freundii
17075	tpx	Citrobacter_freundii
17076	coaBC	Citrobacter_freundii
17097	rpoA	Citrobacter_freundii
17108	gcvT	Citrobacter_freundii
17124	ahpC	Citrobacter_freundii
17125	metK	Citrobacter_freundii
17131	rplM	Citrobacter_freundii
17137	rpsT	Citrobacter_freundii
17161	pgi	Citrobacter_freundii
17171	rpsG	Citrobacter_freundii
17184	rpsP	Citrobacter_freundii
17191	infA	Citrobacter_freundii
17223	rpsJ	Citrobacter_freundii
17240	rplW	Citrobacter_freundii
17248	guaB	Citrobacter_freundii
17252	murF	Citrobacter_freundii
17254	adk	Citrobacter_freundii
17258	rplO	Citrobacter_freundii
17266	accD	Citrobacter_freundii
17269	rpsC	Citrobacter_freundii
17282	rpsM	Citrobacter_freundii
17284	rplJ	Citrobacter_freundii
17292	fmt	Citrobacter_freundii
17299	gshB	Citrobacter_freundii
17333	gyrA	Citrobacter_freundii
17339	rplE	Citrobacter_freundii
17343	ackA	Citrobacter_freundii
17360	atpF	Citrobacter_freundii
17369	ftsZ	Citrobacter_freundii
17374	fabF	Citrobacter_freundii
17411	folD	Citrobacter_freundii
17425	thrS	Citrobacter_freundii
17426	gltX	Citrobacter_freundii
17446	nadE	Citrobacter_freundii
17469	pyrG	Citrobacter_freundii
17478	rplI	Citrobacter_freundii
17487	lon	Citrobacter_freundii
17494	prfC	Citrobacter_freundii
17525	lepA	Citrobacter_freundii
17528	rho	Citrobacter_freundii
17539	gltA	Citrobacter_freundii
17548	ffh	Citrobacter_freundii
17607	secB	Citrobacter_freundii
17613	rplT	Citrobacter_freundii
17614	glnA	Citrobacter_freundii
17650	glmM	Citrobacter_freundii
17675	htpG	Citrobacter_freundii
17692	dxs	Citrobacter_freundii
17732	rpsI	Citrobacter_freundii
17746	rpsD	Citrobacter_freundii
17771	katG	Citrobacter_freundii
17779	nusG	Citrobacter_freundii
17842	atpG	Citrobacter_freundii
17929	tyrS	Citrobacter_freundii
17982	rpmA	Citrobacter_freundii
18001	rplQ	Citrobacter_freundii
18243	msrA	Citrobacter_freundii
18512	infC	Citrobacter_freundii
18567	rpmB	Citrobacter_freundii
18617	murA	Citrobacter_freundii
18626	purU	Citrobacter_freundii
18650	aspS	Citrobacter_freundii
18745	trpB	Citrobacter_freundii
18795	menB	Citrobacter_freundii
18812	der	Citrobacter_freundii
18813	proC	Citrobacter_freundii
18826	dnaJ	Citrobacter_freundii
18829	rplD	Citrobacter_freundii
18865	murE	Citrobacter_freundii
18871	proA	Citrobacter_freundii
18983	prs	Citrobacter_freundii
19557	guaA	Citrobacter_freundii
19562	rpmD	Citrobacter_freundii
19759	rpsO	Citrobacter_freundii
19776	rpsL	Citrobacter_freundii
19809	rplU	Citrobacter_freundii
20105	clpX	Citrobacter_freundii
20419	ddl	Citrobacter_freundii
20500	pheS	Citrobacter_freundii
20571	pgl	Citrobacter_freundii
20656	valS	Citrobacter_freundii
20873	dnaN	Citrobacter_freundii
21002	trpS	Citrobacter_freundii
21015	pheT	Citrobacter_freundii
21204	recA	Citrobacter_freundii
21332	polA	Citrobacter_freundii
21377	thrC	Citrobacter_freundii
21506	rplB	Coprococcus_comes
21508	rplC	Coprococcus_comes
21509	dnaJ	Coprococcus_comes
21511	gap	Coprococcus_comes
21514	rpsS	Coprococcus_comes
21516	gyrB	Coprococcus_comes
21517	purC	Coprococcus_comes
21519	rpmC	Coprococcus_comes
21523	rpsE	Coprococcus_comes
21526	tuf	Coprococcus_comes
21529	rpsI	Coprococcus_comes
21531	rpsK	Coprococcus_comes
21536	serS	Coprococcus_comes
21537	fusA	Coprococcus_comes
21553	tpiA	Coprococcus_comes
21555	pckA	Coprococcus_comes
21557	rplP	Coprococcus_comes
21560	rpsJ	Coprococcus_comes
21562	rpsM	Coprococcus_comes
21563	thrS	Coprococcus_comes
21569	rplL	Coprococcus_comes
21582	rpsP	Coprococcus_comes
21596	rpoB	Coprococcus_comes
21602	tsf	Coprococcus_comes
21605	guaB	Coprococcus_comes
21608	rplJ	Coprococcus_comes
21612	atpA	Coprococcus_comes
21616	rpsF	Coprococcus_comes
21618	rplS	Coprococcus_comes
21626	rpsB	Coprococcus_comes
21636	rplO	Coprococcus_comes
21638	rpsG	Coprococcus_comes
21643	rplQ	Coprococcus_comes
21645	rplX	Coprococcus_comes
21647	ileS	Coprococcus_comes
21656	rpsC	Coprococcus_comes
21668	rplD	Coprococcus_comes
21679	aspS	Coprococcus_comes
21686	glnA	Coprococcus_comes
21697	rplE	Coprococcus_comes
21705	tig	Coprococcus_comes
21710	rpsH	Coprococcus_comes
21721	etfA	Coprococcus_comes
21722	rpoA	Coprococcus_comes
21723	rpoC	Coprococcus_comes
21728	nusB	Coprococcus_comes
21729	guaA	Coprococcus_comes
21732	rplV	Coprococcus_comes
21736	glyS	Coprococcus_comes
21742	pnp	Coprococcus_comes
21743	rplN	Coprococcus_comes
21755	atpD	Coprococcus_comes
21762	secA	Coprococcus_comes
21764	tal	Coprococcus_comes
21771	proS	Coprococcus_comes
21775	rpsL	Coprococcus_comes
21777	frr	Coprococcus_comes
21778	rplK	Coprococcus_comes
21835	pta	Coprococcus_comes
21837	pgi	Coprococcus_comes
21838	pgk	Coprococcus_comes
21851	rplF	Coprococcus_comes
21855	ftsH	Coprococcus_comes
21857	dnaK	Coprococcus_comes
21860	carB	Coprococcus_comes
21878	ribH	Coprococcus_comes
21881	prs	Coprococcus_comes
21900	nusA	Coprococcus_comes
21901	rplR	Coprococcus_comes
21909	pyrH	Coprococcus_comes
21912	argS	Coprococcus_comes
21919	typA	Coprococcus_comes
21920	efp	Coprococcus_comes
21938	groL	Coprococcus_comes
21964	infB	Coprococcus_comes
21968	ALB	Coprococcus_comes
21983	ilvC	Coprococcus_comes
22009	rplA	Coprococcus_comes
22010	pyrE	Coprococcus_comes
22024	purA	Coprococcus_comes
22038	ychF	Coprococcus_comes
22041	rpmA	Coprococcus_comes
22074	accD	Coprococcus_comes
22100	glmM	Coprococcus_comes
22122	fabF	Coprococcus_comes
22136	argH	Coprococcus_comes
22143	carA	Coprococcus_comes
22144	alaS	Coprococcus_comes
22182	def	Coprococcus_comes
22192	prfB	Coprococcus_comes
22201	argJ	Coprococcus_comes
22203	argD	Coprococcus_comes
22271	rplW	Coprococcus_comes
22362	pheS	Coprococcus_comes
22371	rplM	Coprococcus_comes
22396	pfkA	Coprococcus_comes
22402	rplU	Coprococcus_comes
22518	metG	Coprococcus_comes
22541	gpmI	Coprococcus_comes
22549	glgB	Coprococcus_comes
22627	dapA	Coprococcus_comes
22637	rplT	Coprococcus_comes
22645	pyrG	Coprococcus_comes
22651	dnaN	Coprococcus_comes
22694	rpoZ	Coprococcus_comes
22776	gltX	Coprococcus_comes
22781	valS	Coprococcus_comes
22806	der	Coprococcus_comes
22974	argC	Coprococcus_comes
23006	leuS	Coprococcus_comes
23009	nadE	Coprococcus_comes
23028	prfA	Coprococcus_comes
23033	adk	Coprococcus_comes
23035	leuB	Coprococcus_comes
23263	rplI	Coprococcus_comes
23309	kbl	Coprococcus_comes
23366	pheT	Coprococcus_comes
23382	glpK	Coprococcus_comes
23412	pyrB	Coprococcus_comes
23509	ispG	Coprococcus_comes
23704	ackA	Coprococcus_comes
23872	glnA	Cupriavidus_necator
23873	katG	Cupriavidus_necator
23880	dksA	Cupriavidus_necator
23888	prfB	Cupriavidus_necator
23902	rpsF	Cupriavidus_necator
23919	atpA	Cupriavidus_necator
23925	rpsT	Cupriavidus_necator
23933	aspS	Cupriavidus_necator
23945	rplR	Cupriavidus_necator
23969	rplC	Cupriavidus_necator
23976	rnr	Cupriavidus_necator
23982	atpG	Cupriavidus_necator
23992	pgl	Cupriavidus_necator
24007	groL	Cupriavidus_necator
24008	fabH	Cupriavidus_necator
24014	sucC	Cupriavidus_necator
24016	fabF	Cupriavidus_necator
24022	pepA	Cupriavidus_necator
24036	gyrA	Cupriavidus_necator
24038	rpmC	Cupriavidus_necator
24053	tolB	Cupriavidus_necator
24067	ALB	Cupriavidus_necator
24069	rplL	Cupriavidus_necator
24077	rpsE	Cupriavidus_necator
24086	ilvC	Cupriavidus_necator
24087	tig	Cupriavidus_necator
24096	rplY	Cupriavidus_necator
24103	gcvP	Cupriavidus_necator
24116	murF	Cupriavidus_necator
24126	fusA	Cupriavidus_necator
24132	purM	Cupriavidus_necator
24135	rpsI	Cupriavidus_necator
24137	etfA	Cupriavidus_necator
24140	rpsO	Cupriavidus_necator
24145	serS	Cupriavidus_necator
24150	ndk	Cupriavidus_necator
24164	rplK	Cupriavidus_necator
24171	glgB	Cupriavidus_necator
24189	hslU	Cupriavidus_necator
24193	infC	Cupriavidus_necator
24194	ftsH	Cupriavidus_necator
24225	adk	Cupriavidus_necator
24231	rpsK	Cupriavidus_necator
24233	ackA	Cupriavidus_necator
24236	rpsS	Cupriavidus_necator
24250	ileS	Cupriavidus_necator
24256	rplP	Cupriavidus_necator
24257	argJ	Cupriavidus_necator
24265	pdhA	Cupriavidus_necator
24280	gatB	Cupriavidus_necator
24329	glmS	Cupriavidus_necator
24368	argG	Cupriavidus_necator
24393	pheS	Cupriavidus_necator
24401	glyA	Cupriavidus_necator
24415	dapD	Cupriavidus_necator
24450	atpD	Cupriavidus_necator
24458	ilvE	Cupriavidus_necator
24487	rplD	Cupriavidus_necator
24509	rplT	Cupriavidus_necator
24520	purL	Cupriavidus_necator
24527	fumC	Cupriavidus_necator
24558	pyrH	Cupriavidus_necator
24578	rpsP	Cupriavidus_necator
24580	rpoA	Cupriavidus_necator
24584	mdh	Cupriavidus_necator
24590	dnaK	Cupriavidus_necator
24592	murA	Cupriavidus_necator
24607	hisC	Cupriavidus_necator
24625	leuS	Cupriavidus_necator
24658	metG	Cupriavidus_necator
24674	rplI	Cupriavidus_necator
24679	guaA	Cupriavidus_necator
24684	gshB	Cupriavidus_necator
24690	rplO	Cupriavidus_necator
24703	fmt	Cupriavidus_necator
24754	zwf	Cupriavidus_necator
24761	rpsA	Cupriavidus_necator
24781	eno	Cupriavidus_necator
24787	serC	Cupriavidus_necator
24807	cysK	Cupriavidus_necator
24809	nusA	Cupriavidus_necator
24841	rsfS	Cupriavidus_necator
24845	lysS	Cupriavidus_necator
24847	aroC	Cupriavidus_necator
24857	pta	Cupriavidus_necator
24870	rpsD	Cupriavidus_necator
24888	leuB	Cupriavidus_necator
24891	pyrB	Cupriavidus_necator
24896	proC	Cupriavidus_necator
24927	rpsH	Cupriavidus_necator
24984	acnA	Cupriavidus_necator
25045	upp	Cupriavidus_necator
25078	ddl	Cupriavidus_necator
25083	argH	Cupriavidus_necator
25089	secB	Cupriavidus_necator
25106	pyrG	Cupriavidus_necator
25122	rpsR	Cupriavidus_necator
25125	rplS	Cupriavidus_necator
25132	proS	Cupriavidus_necator
25141	argD	Cupriavidus_necator
25174	leuA	Cupriavidus_necator
25190	accB	Cupriavidus_necator
25192	secA	Cupriavidus_necator
25224	argS	Cupriavidus_necator
25263	tyrS	Cupriavidus_necator
25304	pgk	Cupriavidus_necator
25322	atpH	Cupriavidus_necator
25337	atpC	Cupriavidus_necator
25395	rplJ	Cupriavidus_necator
25430	pnp	Cupriavidus_necator
25452	panB	Cupriavidus_necator
25481	thrC	Cupriavidus_necator
25491	ppa	Cupriavidus_necator
25518	glpK	Cupriavidus_necator
25569	rplM	Cupriavidus_necator
25612	glmM	Cupriavidus_necator
25635	rplB	Cupriavidus_necator
25645	yidC	Cupriavidus_necator
25648	pdxH	Cupriavidus_necator
25664	atpF	Cupriavidus_necator
25694	rpoC	Cupriavidus_necator
25735	clpX	Cupriavidus_necator
25747	rplN	Cupriavidus_necator
25803	rpsB	Cupriavidus_necator
25805	groS	Cupriavidus_necator
25859	rplA	Cupriavidus_necator
25872	rpmF	Cupriavidus_necator
25952	purC	Cupriavidus_necator
25976	rpsJ	Cupriavidus_necator
25998	rplV	Cupriavidus_necator
26010	rpsQ	Cupriavidus_necator
26032	rpsG	Cupriavidus_necator
26148	rplF	Cupriavidus_necator
26190	etfB	Cupriavidus_necator
26428	rplQ	Cupriavidus_necator
26433	tsf	Cupriavidus_necator
26612	nusB	Cupriavidus_necator
26613	argC	Cupriavidus_necator
26701	purH	Cupriavidus_necator
26715	trpS	Cupriavidus_necator
26765	rplW	Cupriavidus_necator
26771	rpoB	Cupriavidus_necator
26781	uvrA	Cupriavidus_necator
26790	ahpC	Cupriavidus_necator
27012	rpsL	Cupriavidus_necator
27091	gltA	Cupriavidus_necator
27133	purU	Cupriavidus_necator
27377	ahcY	Cupriavidus_necator
27459	metK	Cupriavidus_necator
27514	valS	Cupriavidus_necator
27531	tpx	Cupriavidus_necator
27547	tpiA	Cupriavidus_necator
27679	ispG	Cupriavidus_necator
27731	rpmG	Cupriavidus_necator
27932	rfbA	Cupriavidus_necator
28066	rpmD	Cupriavidus_necator
28668	rplE	Cupriavidus_necator
29014	glyS	Cupriavidus_necator
29859	rsfS	Delftia_acidovorans
29860	rpmB	Delftia_acidovorans
29863	infB	Delftia_acidovorans
29866	rpsF	Delftia_acidovorans
29868	nusG	Delftia_acidovorans
29872	rplM	Delftia_acidovorans
29875	dksA	Delftia_acidovorans
29881	rpsQ	Delftia_acidovorans
29883	argG	Delftia_acidovorans
29884	prfB	Delftia_acidovorans
29890	rpsC	Delftia_acidovorans
29896	clpB	Delftia_acidovorans
29897	rpsD	Delftia_acidovorans
29900	rho	Delftia_acidovorans
29903	aspS	Delftia_acidovorans
29907	rplX	Delftia_acidovorans
29909	glyA	Delftia_acidovorans
29911	rpsE	Delftia_acidovorans
29914	rplS	Delftia_acidovorans
29915	sucC	Delftia_acidovorans
29916	pyrG	Delftia_acidovorans
29917	tuf	Delftia_acidovorans
29921	rplE	Delftia_acidovorans
29923	rpsR	Delftia_acidovorans
29924	rplA	Delftia_acidovorans
29926	rpmG	Delftia_acidovorans
29927	rpoB	Delftia_acidovorans
29928	efp	Delftia_acidovorans
29929	carB	Delftia_acidovorans
29930	gatB	Delftia_acidovorans
29933	acsA	Delftia_acidovorans
29934	dnaK	Delftia_acidovorans
29937	fusA	Delftia_acidovorans
29939	rplW	Delftia_acidovorans
29941	carA	Delftia_acidovorans
29943	rpsH	Delftia_acidovorans
29949	ftsY	Delftia_acidovorans
29951	rplI	Delftia_acidovorans
29952	rpoA	Delftia_acidovorans
29956	guaB	Delftia_acidovorans
29957	rplB	Delftia_acidovorans
29962	rplF	Delftia_acidovorans
29963	rplC	Delftia_acidovorans
29966	rpsT	Delftia_acidovorans
29968	tatA	Delftia_acidovorans
29969	groL	Delftia_acidovorans
29970	ndk	Delftia_acidovorans
29972	ahcY	Delftia_acidovorans
29973	tyrS	Delftia_acidovorans
29978	purC	Delftia_acidovorans
29980	tsf	Delftia_acidovorans
29981	mdh	Delftia_acidovorans
29983	sucD	Delftia_acidovorans
29986	rplL	Delftia_acidovorans
29987	rplP	Delftia_acidovorans
29988	ddl	Delftia_acidovorans
29989	atpD	Delftia_acidovorans
29992	rplJ	Delftia_acidovorans
30000	nuoD	Delftia_acidovorans
30002	rnr	Delftia_acidovorans
30004	tig	Delftia_acidovorans
30010	rpsB	Delftia_acidovorans
30012	rne	Delftia_acidovorans
30018	rpmC	Delftia_acidovorans
30022	purF	Delftia_acidovorans
30036	rplU	Delftia_acidovorans
30037	rpsM	Delftia_acidovorans
30044	rpoC	Delftia_acidovorans
30046	nusA	Delftia_acidovorans
30048	rpsS	Delftia_acidovorans
30050	glyS	Delftia_acidovorans
30064	rplO	Delftia_acidovorans
30068	serS	Delftia_acidovorans
30072	rplY	Delftia_acidovorans
30075	alaS	Delftia_acidovorans
30078	groS	Delftia_acidovorans
30093	pepA	Delftia_acidovorans
30101	rplT	Delftia_acidovorans
30112	rpmD	Delftia_acidovorans
30124	gcvP	Delftia_acidovorans
30127	acpP	Delftia_acidovorans
30129	rplK	Delftia_acidovorans
30132	trpS	Delftia_acidovorans
30134	purM	Delftia_acidovorans
30135	leuA	Delftia_acidovorans
30140	lon	Delftia_acidovorans
30145	rplD	Delftia_acidovorans
30147	rplR	Delftia_acidovorans
30148	rplV	Delftia_acidovorans
30150	infA	Delftia_acidovorans
30152	atpA	Delftia_acidovorans
30172	rpsP	Delftia_acidovorans
30187	rpsO	Delftia_acidovorans
30191	pgk	Delftia_acidovorans
30193	rpmF	Delftia_acidovorans
30197	rpsJ	Delftia_acidovorans
30200	eno	Delftia_acidovorans
30201	ilvC	Delftia_acidovorans
30206	hslU	Delftia_acidovorans
30208	rpsN	Delftia_acidovorans
30218	htpG	Delftia_acidovorans
30220	pnp	Delftia_acidovorans
30245	rpsK	Delftia_acidovorans
30249	purD	Delftia_acidovorans
30258	frr	Delftia_acidovorans
30266	tpiA	Delftia_acidovorans
30279	dxs	Delftia_acidovorans
30320	fmt	Delftia_acidovorans
30326	ppa	Delftia_acidovorans
30355	rpsG	Delftia_acidovorans
30381	rplN	Delftia_acidovorans
30384	metG	Delftia_acidovorans
30385	gyrA	Delftia_acidovorans
30400	gshB	Delftia_acidovorans
30403	prs	Delftia_acidovorans
30404	atpG	Delftia_acidovorans
30406	infC	Delftia_acidovorans
30426	upp	Delftia_acidovorans
30440	rplQ	Delftia_acidovorans
30444	proA	Delftia_acidovorans
30473	argS	Delftia_acidovorans
30477	rpsI	Delftia_acidovorans
30496	aroC	Delftia_acidovorans
30503	dapD	Delftia_acidovorans
30517	argD	Delftia_acidovorans
30540	hisC	Delftia_acidovorans
30545	dapA	Delftia_acidovorans
30575	purL	Delftia_acidovorans
30586	secA	Delftia_acidovorans
30627	hisS	Delftia_acidovorans
30633	asd	Delftia_acidovorans
30637	secB	Delftia_acidovorans
30673	glcB	Delftia_acidovorans
30678	valS	Delftia_acidovorans
30717	atpC	Delftia_acidovorans
30743	recA	Delftia_acidovorans
30747	atpH	Delftia_acidovorans
30749	ileS	Delftia_acidovorans
30768	adk	Delftia_acidovorans
30827	glmS	Delftia_acidovorans
30833	argC	Delftia_acidovorans
30867	accA	Delftia_acidovorans
30876	gltX	Delftia_acidovorans
30891	purH	Delftia_acidovorans
30896	gcvH	Delftia_acidovorans
30930	ispG	Delftia_acidovorans
30950	ftsZ	Delftia_acidovorans
30954	glmM	Delftia_acidovorans
30971	ffh	Delftia_acidovorans
30972	glpK	Delftia_acidovorans
30973	gyrB	Delftia_acidovorans
30992	prfC	Delftia_acidovorans
31031	thrS	Delftia_acidovorans
31091	purA	Delftia_acidovorans
31395	folD	Delftia_acidovorans
31554	ilvE	Delftia_acidovorans
31556	greA	Delftia_acidovorans
31561	polA	Delftia_acidovorans
31568	fumC	Delftia_acidovorans
31575	trpB	Delftia_acidovorans
31612	dapB	Delftia_acidovorans
31635	rpmA	Delftia_acidovorans
31744	rpsL	Delftia_acidovorans
31812	serC	Delftia_acidovorans
31842	proC	Delftia_acidovorans
31897	def	Delftia_acidovorans
31922	metK	Delftia_acidovorans
32031	murF	Delftia_acidovorans
32074	pyrB	Delftia_acidovorans
32075	grpE	Delftia_acidovorans
32173	ribH	Delftia_acidovorans
32234	msrA	Delftia_acidovorans
32399	der	Delftia_acidovorans
32649	tal	Delftia_acidovorans
32751	ettA	Delftia_acidovorans
33000	argJ	Delftia_acidovorans
33111	purU	Delftia_acidovorans
33129	mreB	Delftia_acidovorans
33152	gmk	Delftia_acidovorans
33194	pheS	Delftia_acidovorans
33208	clpX	Delftia_acidovorans
33219	leuB	Delftia_acidovorans
33226	rpsD	Mycobacterium_smegmatis
33228	rplX	Mycobacterium_smegmatis
33229	rplL	Mycobacterium_smegmatis
33234	rplI	Mycobacterium_smegmatis
33236	prfA	Mycobacterium_smegmatis
33238	groEL	Mycobacterium_smegmatis
33239	rho	Mycobacterium_smegmatis
33246	ilvC	Mycobacterium_smegmatis
33247	metK	Mycobacterium_smegmatis
33251	rpsC	Mycobacterium_smegmatis
33262	tuf	Mycobacterium_smegmatis
33267	sucC	Mycobacterium_smegmatis
33274	rplJ	Mycobacterium_smegmatis
33286	rpsB	Mycobacterium_smegmatis
33295	tig	Mycobacterium_smegmatis
33297	rplO	Mycobacterium_smegmatis
33305	rpsA	Mycobacterium_smegmatis
33308	leuA	Mycobacterium_smegmatis
33323	serC	Mycobacterium_smegmatis
33328	acnA	Mycobacterium_smegmatis
33337	etfA	Mycobacterium_smegmatis
33345	gatB	Mycobacterium_smegmatis
33347	rpsF	Mycobacterium_smegmatis
33368	rpoA	Mycobacterium_smegmatis
33372	glyA	Mycobacterium_smegmatis
33381	rplS	Mycobacterium_smegmatis
33385	atpA	Mycobacterium_smegmatis
33386	rpoB	Mycobacterium_smegmatis
33388	rplB	Mycobacterium_smegmatis
33402	ahcY	Mycobacterium_smegmatis
33405	argS	Mycobacterium_smegmatis
33420	rpsI	Mycobacterium_smegmatis
33424	tsf	Mycobacterium_smegmatis
33428	tpx	Mycobacterium_smegmatis
33437	rpoC	Mycobacterium_smegmatis
33438	carB	Mycobacterium_smegmatis
33440	etfB	Mycobacterium_smegmatis
33441	atpD	Mycobacterium_smegmatis
33443	rpsG	Mycobacterium_smegmatis
33452	rplA	Mycobacterium_smegmatis
33479	murA	Mycobacterium_smegmatis
33523	rplV	Mycobacterium_smegmatis
33528	ahpC	Mycobacterium_smegmatis
33545	recA	Mycobacterium_smegmatis
33556	rplW	Mycobacterium_smegmatis
33580	rplU	Mycobacterium_smegmatis
33624	leuS	Mycobacterium_smegmatis
33627	hisS	Mycobacterium_smegmatis
33631	rpsJ	Mycobacterium_smegmatis
33658	acpP	Mycobacterium_smegmatis
33660	rpoZ	Mycobacterium_smegmatis
33662	gcvH	Mycobacterium_smegmatis
33667	rplE	Mycobacterium_smegmatis
33677	rpsH	Mycobacterium_smegmatis
33691	typA	Mycobacterium_smegmatis
33692	fumC	Mycobacterium_smegmatis
33706	rplT	Mycobacterium_smegmatis
33714	aroC	Mycobacterium_smegmatis
33726	atpG	Mycobacterium_smegmatis
33729	rplD	Mycobacterium_smegmatis
33733	purH	Mycobacterium_smegmatis
33734	pheT	Mycobacterium_smegmatis
33743	rpsE	Mycobacterium_smegmatis
33746	valS	Mycobacterium_smegmatis
33760	hemE	Mycobacterium_smegmatis
33781	ispG	Mycobacterium_smegmatis
33809	pepA	Mycobacterium_smegmatis
33860	pdhA	Mycobacterium_smegmatis
33866	rplM	Mycobacterium_smegmatis
33867	prfB	Mycobacterium_smegmatis
33896	coaBC	Mycobacterium_smegmatis
33919	rpsS	Mycobacterium_smegmatis
33936	rpsK	Mycobacterium_smegmatis
33974	rplC	Mycobacterium_smegmatis
34001	topA	Mycobacterium_smegmatis
34024	ftsZ	Mycobacterium_smegmatis
34032	rplR	Mycobacterium_smegmatis
34134	rpsO	Mycobacterium_smegmatis
34135	purU	Mycobacterium_smegmatis
34153	rpsP	Mycobacterium_smegmatis
34179	ddl	Mycobacterium_smegmatis
34227	rpmA	Mycobacterium_smegmatis
34236	purA	Mycobacterium_smegmatis
34239	rplF	Mycobacterium_smegmatis
34252	frr	Mycobacterium_smegmatis
34268	ettA	Mycobacterium_smegmatis
34320	dnaN	Mycobacterium_smegmatis
34345	pgk	Mycobacterium_smegmatis
34357	pyrG	Mycobacterium_smegmatis
34364	tyrS	Mycobacterium_smegmatis
34398	proS	Mycobacterium_smegmatis
34418	proC	Mycobacterium_smegmatis
34462	purD	Mycobacterium_smegmatis
34490	rpmD	Mycobacterium_smegmatis
34556	rplK	Mycobacterium_smegmatis
34581	grpE	Mycobacterium_smegmatis
34605	rpsT	Mycobacterium_smegmatis
34608	adk	Mycobacterium_smegmatis
34644	ilvE	Mycobacterium_smegmatis
34655	nusG	Mycobacterium_smegmatis
34679	rplQ	Mycobacterium_smegmatis
34749	thrC	Mycobacterium_smegmatis
34816	def	Mycobacterium_smegmatis
35117	glcB	Mycobacterium_smegmatis
35137	rplL	Paracoccus_denitrificans
35138	rpsM	Paracoccus_denitrificans
35141	purH	Paracoccus_denitrificans
35146	rplO	Paracoccus_denitrificans
35147	rpsS	Paracoccus_denitrificans
35154	dnaK	Paracoccus_denitrificans
35155	prfB	Paracoccus_denitrificans
35159	prfA	Paracoccus_denitrificans
35163	atpA	Paracoccus_denitrificans
35164	sucD	Paracoccus_denitrificans
35174	rne	Paracoccus_denitrificans
35176	rpsF	Paracoccus_denitrificans
35177	rplM	Paracoccus_denitrificans
35178	eno	Paracoccus_denitrificans
35179	pepA	Paracoccus_denitrificans
35180	rplB	Paracoccus_denitrificans
35190	fusA	Paracoccus_denitrificans
35192	sucC	Paracoccus_denitrificans
35195	rpsK	Paracoccus_denitrificans
35196	rpmB	Paracoccus_denitrificans
35200	rpsP	Paracoccus_denitrificans
35202	rplA	Paracoccus_denitrificans
35205	rplK	Paracoccus_denitrificans
35207	rpoB	Paracoccus_denitrificans
35208	rplI	Paracoccus_denitrificans
35217	msrA	Paracoccus_denitrificans
35221	secB	Paracoccus_denitrificans
35224	tatA	Paracoccus_denitrificans
35225	aspS	Paracoccus_denitrificans
35231	rplC	Paracoccus_denitrificans
35235	rplT	Paracoccus_denitrificans
35244	tig	Paracoccus_denitrificans
35248	rplQ	Paracoccus_denitrificans
35252	clpB	Paracoccus_denitrificans
35260	rpmC	Paracoccus_denitrificans
35264	tsf	Paracoccus_denitrificans
35269	ftsZ	Paracoccus_denitrificans
35279	efp	Paracoccus_denitrificans
35299	pnp	Paracoccus_denitrificans
35301	aroA	Paracoccus_denitrificans
35313	alaS	Paracoccus_denitrificans
35324	rpsD	Paracoccus_denitrificans
35330	fumC	Paracoccus_denitrificans
35335	rpmG	Paracoccus_denitrificans
35341	glyA	Paracoccus_denitrificans
35352	pckA	Paracoccus_denitrificans
35357	murE	Paracoccus_denitrificans
35358	rpsT	Paracoccus_denitrificans
35359	yidC	Paracoccus_denitrificans
35369	grpE	Paracoccus_denitrificans
35375	groS	Paracoccus_denitrificans
35382	atpH	Paracoccus_denitrificans
35386	purA	Paracoccus_denitrificans
35388	rplE	Paracoccus_denitrificans
35397	proS	Paracoccus_denitrificans
35402	pdhA	Paracoccus_denitrificans
35403	rplR	Paracoccus_denitrificans
35409	rpsB	Paracoccus_denitrificans
35411	rplF	Paracoccus_denitrificans
35416	tolB	Paracoccus_denitrificans
35426	pgk	Paracoccus_denitrificans
35428	mreB	Paracoccus_denitrificans
35433	rpsG	Paracoccus_denitrificans
35442	rpsJ	Paracoccus_denitrificans
35452	ndk	Paracoccus_denitrificans
35457	rpsE	Paracoccus_denitrificans
35459	rpoC	Paracoccus_denitrificans
35478	rpsH	Paracoccus_denitrificans
35483	atpD	Paracoccus_denitrificans
35491	nusA	Paracoccus_denitrificans
35494	rplN	Paracoccus_denitrificans
35496	murA	Paracoccus_denitrificans
35504	dapB	Paracoccus_denitrificans
35506	rplU	Paracoccus_denitrificans
35511	rplW	Paracoccus_denitrificans
35515	gatB	Paracoccus_denitrificans
35523	rpmD	Paracoccus_denitrificans
35542	tal	Paracoccus_denitrificans
35562	pheS	Paracoccus_denitrificans
35563	hslU	Paracoccus_denitrificans
35580	valS	Paracoccus_denitrificans
35585	rpsI	Paracoccus_denitrificans
35587	mdh	Paracoccus_denitrificans
35610	rplD	Paracoccus_denitrificans
35620	carB	Paracoccus_denitrificans
35624	purC	Paracoccus_denitrificans
35628	infB	Paracoccus_denitrificans
35648	argG	Paracoccus_denitrificans
35653	rpmA	Paracoccus_denitrificans
35680	pheT	Paracoccus_denitrificans
35687	accD	Paracoccus_denitrificans
35688	atpF	Paracoccus_denitrificans
35697	prfC	Paracoccus_denitrificans
35710	rplY	Paracoccus_denitrificans
35736	argS	Paracoccus_denitrificans
35761	ilvC	Paracoccus_denitrificans
35766	carA	Paracoccus_denitrificans
35773	clpX	Paracoccus_denitrificans
35798	rpsC	Paracoccus_denitrificans
35851	glmS	Paracoccus_denitrificans
35882	frr	Paracoccus_denitrificans
35897	rplX	Paracoccus_denitrificans
35914	rpsL	Paracoccus_denitrificans
35946	dksA	Paracoccus_denitrificans
35954	purF	Paracoccus_denitrificans
35957	asd	Paracoccus_denitrificans
35963	lysS	Paracoccus_denitrificans
35984	rpoA	Paracoccus_denitrificans
35985	rplJ	Paracoccus_denitrificans
36006	katG	Paracoccus_denitrificans
36012	uvrA	Paracoccus_denitrificans
36054	ahcY	Paracoccus_denitrificans
36057	tpiA	Paracoccus_denitrificans
36072	gshB	Paracoccus_denitrificans
36095	polA	Paracoccus_denitrificans
36104	guaA	Paracoccus_denitrificans
36132	zwf	Paracoccus_denitrificans
36144	rplS	Paracoccus_denitrificans
36159	lon	Paracoccus_denitrificans
36185	ileS	Paracoccus_denitrificans
36205	guaB	Paracoccus_denitrificans
36251	topA	Paracoccus_denitrificans
36278	secA	Paracoccus_denitrificans
36298	atpG	Paracoccus_denitrificans
36301	prs	Paracoccus_denitrificans
36388	rplV	Paracoccus_denitrificans
36423	trpS	Paracoccus_denitrificans
36434	ftsH	Paracoccus_denitrificans
36451	gyrB	Paracoccus_denitrificans
36489	gpmI	Paracoccus_denitrificans
36554	pyrE	Paracoccus_denitrificans
36583	murF	Paracoccus_denitrificans
36590	rpsR	Paracoccus_denitrificans
36591	rho	Paracoccus_denitrificans
36640	proA	Paracoccus_denitrificans
36642	tyrS	Paracoccus_denitrificans
36694	def	Paracoccus_denitrificans
36695	dxs	Paracoccus_denitrificans
36725	argJ	Paracoccus_denitrificans
36746	thrS	Paracoccus_denitrificans
36778	leuB	Paracoccus_denitrificans
36809	serS	Paracoccus_denitrificans
36820	ffh	Paracoccus_denitrificans
36934	purM	Paracoccus_denitrificans
37018	clpP	Paracoccus_denitrificans
37031	pyrH	Paracoccus_denitrificans
37122	rpsQ	Paracoccus_denitrificans
37167	ilvE	Paracoccus_denitrificans
37229	rplP	Paracoccus_denitrificans
37521	hisC	Paracoccus_denitrificans
37707	adk	Paracoccus_denitrificans
37743	trpB	Paracoccus_denitrificans
37890	ribH	Paracoccus_denitrificans
38059	gatC	Paracoccus_denitrificans
38098	glmM	Paracoccus_denitrificans
38240	glyS	Paracoccus_denitrificans
38251	accA	Paracoccus_denitrificans
38478	gmk	Paracoccus_denitrificans
38705	hisS	Paracoccus_denitrificans
38750	rpsN	Paracoccus_denitrificans
38868	ychF	Paracoccus_denitrificans
38872	metG	Paracoccus_denitrificans
39246	gcvH	Paracoccus_denitrificans
39257	glcB	Paracoccus_denitrificans
39258	lepA	Paracoccus_denitrificans
39443	ettA	Paracoccus_denitrificans
39542	proC	Paracoccus_denitrificans
39964	fusA	Rhizobium_radiobacter
39965	rpmB	Rhizobium_radiobacter
39966	rpoB	Rhizobium_radiobacter
39967	rpsE	Rhizobium_radiobacter
39972	infB	Rhizobium_radiobacter
39973	dnaJ	Rhizobium_radiobacter
39977	rpsG	Rhizobium_radiobacter
39979	rplO	Rhizobium_radiobacter
39980	atpA	Rhizobium_radiobacter
39981	dnaK	Rhizobium_radiobacter
39984	argG	Rhizobium_radiobacter
39987	prfB	Rhizobium_radiobacter
39991	prfA	Rhizobium_radiobacter
39993	rplL	Rhizobium_radiobacter
40001	sucD	Rhizobium_radiobacter
40002	ahcY	Rhizobium_radiobacter
40013	gyrB	Rhizobium_radiobacter
40014	rplB	Rhizobium_radiobacter
40022	carB	Rhizobium_radiobacter
40026	tal	Rhizobium_radiobacter
40027	rplA	Rhizobium_radiobacter
40033	clpB	Rhizobium_radiobacter
40035	purD	Rhizobium_radiobacter
40042	tuf	Rhizobium_radiobacter
40059	argH	Rhizobium_radiobacter
40060	pheS	Rhizobium_radiobacter
40064	murE	Rhizobium_radiobacter
40066	hslU	Rhizobium_radiobacter
40073	rpsB	Rhizobium_radiobacter
40076	rplQ	Rhizobium_radiobacter
40077	groEL	Rhizobium_radiobacter
40080	nusA	Rhizobium_radiobacter
40085	rpmD	Rhizobium_radiobacter
40086	argJ	Rhizobium_radiobacter
40087	ddl	Rhizobium_radiobacter
40095	tig	Rhizobium_radiobacter
40098	rplF	Rhizobium_radiobacter
40100	rplC	Rhizobium_radiobacter
40102	rpsN	Rhizobium_radiobacter
40103	pckA	Rhizobium_radiobacter
40105	lysS	Rhizobium_radiobacter
40111	nuoD	Rhizobium_radiobacter
40115	ftsH	Rhizobium_radiobacter
40117	grpE	Rhizobium_radiobacter
40122	rplI	Rhizobium_radiobacter
40123	gcvP	Rhizobium_radiobacter
40129	guaB	Rhizobium_radiobacter
40132	fumC	Rhizobium_radiobacter
40133	efp	Rhizobium_radiobacter
40153	rpsP	Rhizobium_radiobacter
40186	glyS	Rhizobium_radiobacter
40194	frr	Rhizobium_radiobacter
40199	msrA	Rhizobium_radiobacter
40222	purF	Rhizobium_radiobacter
40225	dksA	Rhizobium_radiobacter
40249	rpsC	Rhizobium_radiobacter
40250	rplW	Rhizobium_radiobacter
40261	pyrG	Rhizobium_radiobacter
40273	tolB	Rhizobium_radiobacter
40277	rpsD	Rhizobium_radiobacter
40283	tsf	Rhizobium_radiobacter
40287	greA	Rhizobium_radiobacter
40299	ribH	Rhizobium_radiobacter
40301	alaS	Rhizobium_radiobacter
40302	purA	Rhizobium_radiobacter
40316	glmS	Rhizobium_radiobacter
40328	rpmC	Rhizobium_radiobacter
40331	rplP	Rhizobium_radiobacter
40332	thrS	Rhizobium_radiobacter
40334	upp	Rhizobium_radiobacter
40339	pnp	Rhizobium_radiobacter
40345	serS	Rhizobium_radiobacter
40350	murA	Rhizobium_radiobacter
40352	metG	Rhizobium_radiobacter
40353	pgk	Rhizobium_radiobacter
40380	hisC	Rhizobium_radiobacter
40395	yidC	Rhizobium_radiobacter
40397	gpmI	Rhizobium_radiobacter
40399	nusG	Rhizobium_radiobacter
40413	carA	Rhizobium_radiobacter
40416	rplE	Rhizobium_radiobacter
40427	clpP	Rhizobium_radiobacter
40430	ppa	Rhizobium_radiobacter
40434	rplJ	Rhizobium_radiobacter
40435	rnr	Rhizobium_radiobacter
40440	pheT	Rhizobium_radiobacter
40445	trpB	Rhizobium_radiobacter
40470	rpsO	Rhizobium_radiobacter
40475	ettA	Rhizobium_radiobacter
40484	gshB	Rhizobium_radiobacter
40510	glmU	Rhizobium_radiobacter
40531	secA	Rhizobium_radiobacter
40542	atpD	Rhizobium_radiobacter
40557	purH	Rhizobium_radiobacter
40565	glyA	Rhizobium_radiobacter
40568	nadE	Rhizobium_radiobacter
40570	glcB	Rhizobium_radiobacter
40578	argC	Rhizobium_radiobacter
40598	valS	Rhizobium_radiobacter
40612	atpF	Rhizobium_radiobacter
40639	recA	Rhizobium_radiobacter
40652	rne	Rhizobium_radiobacter
40666	rplY	Rhizobium_radiobacter
40667	rpoC	Rhizobium_radiobacter
40676	purC	Rhizobium_radiobacter
40678	tyrS	Rhizobium_radiobacter
40705	ftsZ	Rhizobium_radiobacter
40739	rpsI	Rhizobium_radiobacter
40778	rplN	Rhizobium_radiobacter
40784	zwf	Rhizobium_radiobacter
40789	rplT	Rhizobium_radiobacter
40796	groS	Rhizobium_radiobacter
40808	lon	Rhizobium_radiobacter
40815	aspS	Rhizobium_radiobacter
40825	argD	Rhizobium_radiobacter
40826	rplK	Rhizobium_radiobacter
40832	clpX	Rhizobium_radiobacter
40848	gcvT	Rhizobium_radiobacter
40873	gyrA	Rhizobium_radiobacter
40888	hemE	Rhizobium_radiobacter
40914	eno	Rhizobium_radiobacter
40936	pepA	Rhizobium_radiobacter
40970	rplM	Rhizobium_radiobacter
40974	aroA	Rhizobium_radiobacter
40995	rpoA	Rhizobium_radiobacter
40996	gltX	Rhizobium_radiobacter
41004	murF	Rhizobium_radiobacter
41027	uvrA	Rhizobium_radiobacter
41043	ispG	Rhizobium_radiobacter
41053	glpK	Rhizobium_radiobacter
41094	guaA	Rhizobium_radiobacter
41099	mdh	Rhizobium_radiobacter
41106	accD	Rhizobium_radiobacter
41107	trpS	Rhizobium_radiobacter
41120	rplD	Rhizobium_radiobacter
41148	adk	Rhizobium_radiobacter
41170	rplV	Rhizobium_radiobacter
41171	secB	Rhizobium_radiobacter
41175	pyrB	Rhizobium_radiobacter
41185	dapD	Rhizobium_radiobacter
41206	fabH	Rhizobium_radiobacter
41242	atpH	Rhizobium_radiobacter
41250	pgi	Rhizobium_radiobacter
41259	proA	Rhizobium_radiobacter
41267	glgB	Rhizobium_radiobacter
41280	coaBC	Rhizobium_radiobacter
41291	leuB	Rhizobium_radiobacter
41304	acsA	Rhizobium_radiobacter
41322	purM	Rhizobium_radiobacter
41327	folD	Rhizobium_radiobacter
41367	purL	Rhizobium_radiobacter
41406	gatB	Rhizobium_radiobacter
41432	proS	Rhizobium_radiobacter
41467	accA	Rhizobium_radiobacter
41483	infA	Rhizobium_radiobacter
41498	nusB	Rhizobium_radiobacter
41519	rpsF	Rhizobium_radiobacter
41552	atpC	Rhizobium_radiobacter
41564	argS	Rhizobium_radiobacter
41577	leuS	Rhizobium_radiobacter
41651	topA	Rhizobium_radiobacter
41661	ndk	Rhizobium_radiobacter
41667	atpG	Rhizobium_radiobacter
41795	sucC	Rhizobium_radiobacter
41846	rplX	Rhizobium_radiobacter
41859	rpsS	Rhizobium_radiobacter
41882	rpsH	Rhizobium_radiobacter
41920	ilvC	Rhizobium_radiobacter
41978	asd	Rhizobium_radiobacter
42012	purU	Rhizobium_radiobacter
42269	murD	Rhizobium_radiobacter
42411	rpmG	Rhizobium_radiobacter
42439	rplR	Rhizobium_radiobacter
42463	rplS	Rhizobium_radiobacter
42468	hisS	Rhizobium_radiobacter
42736	rpsK	Rhizobium_radiobacter
42782	ffh	Rhizobium_radiobacter
43145	tpiA	Rhizobium_radiobacter
43240	pgl	Rhizobium_radiobacter
43450	ftsY	Rhizobium_radiobacter
43635	rpsL	Rhizobium_radiobacter
43665	gmk	Rhizobium_radiobacter
44047	pdhA	Rhizobium_radiobacter
44252	pdxH	Rhizobium_radiobacter
44325	rpmA	Rhizobium_radiobacter
44485	pyrH	Rhizobium_radiobacter
44729	polA	Rhizobium_radiobacter
44734	rpoZ	Rhizobium_radiobacter
45175	rsfS	Rhizobium_radiobacter
45336	rho	Rhizobium_radiobacter
45468	prfB	Rhodopseudomonas_palustris
45471	rplL	Rhodopseudomonas_palustris
45472	tuf	Rhodopseudomonas_palustris
45475	prfA	Rhodopseudomonas_palustris
45479	rplB	Rhodopseudomonas_palustris
45485	rpoB	Rhodopseudomonas_palustris
45487	rplR	Rhodopseudomonas_palustris
45490	rne	Rhodopseudomonas_palustris
45491	greA	Rhodopseudomonas_palustris
45493	alaS	Rhodopseudomonas_palustris
45496	carB	Rhodopseudomonas_palustris
45500	rplX	Rhodopseudomonas_palustris
45505	rplW	Rhodopseudomonas_palustris
45508	guaB	Rhodopseudomonas_palustris
45513	pnp	Rhodopseudomonas_palustris
45520	tatA	Rhodopseudomonas_palustris
45522	sucD	Rhodopseudomonas_palustris
45529	hisC	Rhodopseudomonas_palustris
45533	ahcY	Rhodopseudomonas_palustris
45536	pgk	Rhodopseudomonas_palustris
45542	nusA	Rhodopseudomonas_palustris
45546	groS	Rhodopseudomonas_palustris
45550	rpsN	Rhodopseudomonas_palustris
45553	pdhA	Rhodopseudomonas_palustris
45566	pheT	Rhodopseudomonas_palustris
45575	ileS	Rhodopseudomonas_palustris
45587	rplU	Rhodopseudomonas_palustris
45602	rplN	Rhodopseudomonas_palustris
45603	ilvC	Rhodopseudomonas_palustris
45614	dxs	Rhodopseudomonas_palustris
45634	pckA	Rhodopseudomonas_palustris
45639	fabH	Rhodopseudomonas_palustris
45640	zwf	Rhodopseudomonas_palustris
45645	dnaK	Rhodopseudomonas_palustris
45646	tyrS	Rhodopseudomonas_palustris
45652	ychF	Rhodopseudomonas_palustris
45654	rho	Rhodopseudomonas_palustris
45657	clpX	Rhodopseudomonas_palustris
45662	rpsK	Rhodopseudomonas_palustris
45665	valS	Rhodopseudomonas_palustris
45666	rplF	Rhodopseudomonas_palustris
45670	acsA	Rhodopseudomonas_palustris
45673	tolB	Rhodopseudomonas_palustris
45687	rpsD	Rhodopseudomonas_palustris
45701	serS	Rhodopseudomonas_palustris
45715	metG	Rhodopseudomonas_palustris
45718	pepA	Rhodopseudomonas_palustris
45738	rpsG	Rhodopseudomonas_palustris
45752	infA	Rhodopseudomonas_palustris
45759	frr	Rhodopseudomonas_palustris
45760	purF	Rhodopseudomonas_palustris
45771	adk	Rhodopseudomonas_palustris
45784	gatB	Rhodopseudomonas_palustris
45785	pyrB	Rhodopseudomonas_palustris
45810	argS	Rhodopseudomonas_palustris
45813	dapA	Rhodopseudomonas_palustris
45817	rpmG	Rhodopseudomonas_palustris
45826	nuoD	Rhodopseudomonas_palustris
45829	argG	Rhodopseudomonas_palustris
45836	lon	Rhodopseudomonas_palustris
45851	rpoZ	Rhodopseudomonas_palustris
45853	thrS	Rhodopseudomonas_palustris
45858	purM	Rhodopseudomonas_palustris
45873	panB	Rhodopseudomonas_palustris
45876	rpsB	Rhodopseudomonas_palustris
45888	rplK	Rhodopseudomonas_palustris
45908	dksA	Rhodopseudomonas_palustris
45911	rpsQ	Rhodopseudomonas_palustris
45913	rplC	Rhodopseudomonas_palustris
45942	purL	Rhodopseudomonas_palustris
45945	infB	Rhodopseudomonas_palustris
45950	folD	Rhodopseudomonas_palustris
45958	fusA	Rhodopseudomonas_palustris
45961	guaA	Rhodopseudomonas_palustris
45971	secA	Rhodopseudomonas_palustris
45975	gyrB	Rhodopseudomonas_palustris
45987	pdxH	Rhodopseudomonas_palustris
46004	clpP	Rhodopseudomonas_palustris
46009	rpmA	Rhodopseudomonas_palustris
46013	trpS	Rhodopseudomonas_palustris
46016	asd	Rhodopseudomonas_palustris
46035	rpsS	Rhodopseudomonas_palustris
46050	ispG	Rhodopseudomonas_palustris
46052	katG	Rhodopseudomonas_palustris
46062	purC	Rhodopseudomonas_palustris
46068	trpB	Rhodopseudomonas_palustris
46069	eno	Rhodopseudomonas_palustris
46081	atpD	Rhodopseudomonas_palustris
46093	glyA	Rhodopseudomonas_palustris
46115	rpsI	Rhodopseudomonas_palustris
46122	gyrA	Rhodopseudomonas_palustris
46128	gatC	Rhodopseudomonas_palustris
46134	rplT	Rhodopseudomonas_palustris
46140	rplJ	Rhodopseudomonas_palustris
46141	rplP	Rhodopseudomonas_palustris
46142	lysS	Rhodopseudomonas_palustris
46146	rpoA	Rhodopseudomonas_palustris
46151	purH	Rhodopseudomonas_palustris
46173	atpA	Rhodopseudomonas_palustris
46190	pheS	Rhodopseudomonas_palustris
46191	pyrG	Rhodopseudomonas_palustris
46237	ettA	Rhodopseudomonas_palustris
46239	rpsC	Rhodopseudomonas_palustris
46242	hisS	Rhodopseudomonas_palustris
46250	aroA	Rhodopseudomonas_palustris
46255	gltX	Rhodopseudomonas_palustris
46262	rplD	Rhodopseudomonas_palustris
46263	argD	Rhodopseudomonas_palustris
46277	rpsF	Rhodopseudomonas_palustris
46278	rpoC	Rhodopseudomonas_palustris
46301	rplY	Rhodopseudomonas_palustris
46302	carA	Rhodopseudomonas_palustris
46344	glmM	Rhodopseudomonas_palustris
46350	aspS	Rhodopseudomonas_palustris
46375	htpG	Rhodopseudomonas_palustris
46379	rplS	Rhodopseudomonas_palustris
46457	prfC	Rhodopseudomonas_palustris
46458	ffh	Rhodopseudomonas_palustris
46469	rpe	Rhodopseudomonas_palustris
46476	rpmB	Rhodopseudomonas_palustris
46477	purA	Rhodopseudomonas_palustris
46516	nusG	Rhodopseudomonas_palustris
46543	tal	Rhodopseudomonas_palustris
46584	ndk	Rhodopseudomonas_palustris
46597	ftsY	Rhodopseudomonas_palustris
46612	murA	Rhodopseudomonas_palustris
46637	gshB	Rhodopseudomonas_palustris
46651	pyrE	Rhodopseudomonas_palustris
46668	secB	Rhodopseudomonas_palustris
46674	prs	Rhodopseudomonas_palustris
46751	uvrA	Rhodopseudomonas_palustris
46756	rpsL	Rhodopseudomonas_palustris
46768	sucC	Rhodopseudomonas_palustris
46820	leuB	Rhodopseudomonas_palustris
46821	ftsZ	Rhodopseudomonas_palustris
46836	rpsP	Rhodopseudomonas_palustris
46841	rsfS	Rhodopseudomonas_palustris
47094	dapB	Rhodopseudomonas_palustris
47108	clpB	Rhodopseudomonas_palustris
47154	recA	Rhodopseudomonas_palustris
47177	fmt	Rhodopseudomonas_palustris
47187	leuS	Rhodopseudomonas_palustris
47221	accD	Rhodopseudomonas_palustris
47226	glmS	Rhodopseudomonas_palustris
47392	glcB	Rhodopseudomonas_palustris
47603	leuA	Rhodopseudomonas_palustris
47658	glgB	Rhodopseudomonas_palustris
47671	rplA	Rhodopseudomonas_palustris
47720	rplV	Rhodopseudomonas_palustris
47723	aroC	Rhodopseudomonas_palustris
47742	tig	Rhodopseudomonas_palustris
47859	accA	Rhodopseudomonas_palustris
48087	argH	Rhodopseudomonas_palustris
48133	acpP	Rhodopseudomonas_palustris
48237	topA	Rhodopseudomonas_palustris
48373	ftsH	Rhodopseudomonas_palustris
48379	fumC	Rhodopseudomonas_palustris
48707	dnaJ	Rhodopseudomonas_palustris
49089	glmU	Rhodopseudomonas_palustris
49744	msrA	Rhodopseudomonas_palustris
49805	glpK	Rhodopseudomonas_palustris
49994	lepA	Rhodopseudomonas_palustris
50843	rplQ	Rhodopseudomonas_palustris
51207	polA	Rhodopseudomonas_palustris
52457	murD	Rhodopseudomonas_palustris
52666	rplE	Rhodopseudomonas_palustris
52718	der	Rhodopseudomonas_palustris
52825	menB	Rhodopseudomonas_palustris
53058	ribH	Rhodopseudomonas_palustris
53386	atpH	Rhodopseudomonas_palustris
53422	rplO	Rhodopseudomonas_palustris
53494	grpE	Rhodopseudomonas_palustris
54309	hslU	Rhodopseudomonas_palustris
55385	gmk	Rhodopseudomonas_palustris
56127	cysK	Ruminococcus_gnavus
56128	tyrS	Ruminococcus_gnavus
56133	tsf	Ruminococcus_gnavus
56135	groL	Ruminococcus_gnavus
56136	rpsT	Ruminococcus_gnavus
56138	lysS	Ruminococcus_gnavus
56139	rplB	Ruminococcus_gnavus
56146	rplW	Ruminococcus_gnavus
56149	pnp	Ruminococcus_gnavus
56151	rpsS	Ruminococcus_gnavus
56152	rpsB	Ruminococcus_gnavus
56153	rpmC	Ruminococcus_gnavus
56154	rpsH	Ruminococcus_gnavus
56157	rpsM	Ruminococcus_gnavus
56163	ackA	Ruminococcus_gnavus
56166	ftsZ	Ruminococcus_gnavus
56175	pgk	Ruminococcus_gnavus
56192	rplL	Ruminococcus_gnavus
56194	leuS	Ruminococcus_gnavus
56202	pckA	Ruminococcus_gnavus
56203	rpsJ	Ruminococcus_gnavus
56206	tuf	Ruminococcus_gnavus
56216	alaS	Ruminococcus_gnavus
56221	rpsK	Ruminococcus_gnavus
56228	pfkA	Ruminococcus_gnavus
56237	rpsE	Ruminococcus_gnavus
56239	accA	Ruminococcus_gnavus
56242	rplC	Ruminococcus_gnavus
56248	rplS	Ruminococcus_gnavus
56258	gltA	Ruminococcus_gnavus
56265	rplA	Ruminococcus_gnavus
56266	dnaK	Ruminococcus_gnavus
56273	carB	Ruminococcus_gnavus
56275	metK	Ruminococcus_gnavus
56276	rplE	Ruminococcus_gnavus
56279	serS	Ruminococcus_gnavus
56282	purA	Ruminococcus_gnavus
56287	fusA	Ruminococcus_gnavus
56290	rplU	Ruminococcus_gnavus
56291	gap	Ruminococcus_gnavus
56294	rpoB	Ruminococcus_gnavus
56301	typA	Ruminococcus_gnavus
56308	infB	Ruminococcus_gnavus
56309	ileS	Ruminococcus_gnavus
56315	rpsD	Ruminococcus_gnavus
56331	guaB	Ruminococcus_gnavus
56332	rpsN	Ruminococcus_gnavus
56338	rplJ	Ruminococcus_gnavus
56340	rpsF	Ruminococcus_gnavus
56353	rplO	Ruminococcus_gnavus
56355	rpoC	Ruminococcus_gnavus
56358	ALB	Ruminococcus_gnavus
56363	rpsG	Ruminococcus_gnavus
56365	ffh	Ruminococcus_gnavus
56377	rplQ	Ruminococcus_gnavus
56382	pyrE	Ruminococcus_gnavus
56383	rplD	Ruminococcus_gnavus
56386	rplX	Ruminococcus_gnavus
56387	rpoZ	Ruminococcus_gnavus
56393	adk	Ruminococcus_gnavus
56405	gpmI	Ruminococcus_gnavus
56406	atpD	Ruminococcus_gnavus
56426	pta	Ruminococcus_gnavus
56455	pgi	Ruminococcus_gnavus
56458	rplV	Ruminococcus_gnavus
56461	rplK	Ruminococcus_gnavus
56468	groS	Ruminococcus_gnavus
56473	rpsC	Ruminococcus_gnavus
56481	rplF	Ruminococcus_gnavus
56495	rfbA	Ruminococcus_gnavus
56496	rpsO	Ruminococcus_gnavus
56499	tpiA	Ruminococcus_gnavus
56551	metG	Ruminococcus_gnavus
56560	glyA	Ruminococcus_gnavus
56580	pdxS	Ruminococcus_gnavus
56599	tig	Ruminococcus_gnavus
56617	prs	Ruminococcus_gnavus
56693	guaA	Ruminococcus_gnavus
56751	rpmA	Ruminococcus_gnavus
56806	nusA	Ruminococcus_gnavus
56819	pyrH	Ruminococcus_gnavus
56890	rpe	Ruminococcus_gnavus
56897	acpP	Ruminococcus_gnavus
56903	rplC	Stigmatella_aurantiaca
56905	rpsD	Stigmatella_aurantiaca
56913	accD	Stigmatella_aurantiaca
56914	rpsR	Stigmatella_aurantiaca
56915	rpsQ	Stigmatella_aurantiaca
56923	sucC	Stigmatella_aurantiaca
56931	prfA	Stigmatella_aurantiaca
56932	pnp	Stigmatella_aurantiaca
56934	rpsK	Stigmatella_aurantiaca
56935	groL	Stigmatella_aurantiaca
56936	dnaK	Stigmatella_aurantiaca
56938	rpsB	Stigmatella_aurantiaca
56941	tatA	Stigmatella_aurantiaca
56948	sucD	Stigmatella_aurantiaca
56949	rpmD	Stigmatella_aurantiaca
56954	rplB	Stigmatella_aurantiaca
56956	rplY	Stigmatella_aurantiaca
56966	tig	Stigmatella_aurantiaca
56969	ahpC	Stigmatella_aurantiaca
56974	rplL	Stigmatella_aurantiaca
56975	tuf	Stigmatella_aurantiaca
56982	rpsC	Stigmatella_aurantiaca
56985	tsf	Stigmatella_aurantiaca
56991	groS	Stigmatella_aurantiaca
57000	gap	Stigmatella_aurantiaca
57003	lysS	Stigmatella_aurantiaca
57005	rpoB	Stigmatella_aurantiaca
57009	rpsJ	Stigmatella_aurantiaca
57011	fusA	Stigmatella_aurantiaca
57012	rplA	Stigmatella_aurantiaca
57014	rplM	Stigmatella_aurantiaca
57016	acpP	Stigmatella_aurantiaca
57022	eno	Stigmatella_aurantiaca
57023	rpsH	Stigmatella_aurantiaca
57031	rplO	Stigmatella_aurantiaca
57045	tpiA	Stigmatella_aurantiaca
57054	etfA	Stigmatella_aurantiaca
57060	rplE	Stigmatella_aurantiaca
57062	thrS	Stigmatella_aurantiaca
57069	rplR	Stigmatella_aurantiaca
57084	ndk	Stigmatella_aurantiaca
57087	grpE	Stigmatella_aurantiaca
57088	rplJ	Stigmatella_aurantiaca
57104	rplW	Stigmatella_aurantiaca
57105	ahcY	Stigmatella_aurantiaca
57121	aspS	Stigmatella_aurantiaca
57123	glnA	Stigmatella_aurantiaca
57124	efp	Stigmatella_aurantiaca
57126	rpoC	Stigmatella_aurantiaca
57153	rplT	Stigmatella_aurantiaca
57168	rpsG	Stigmatella_aurantiaca
57177	htpG	Stigmatella_aurantiaca
57187	accB	Stigmatella_aurantiaca
57192	mdh	Stigmatella_aurantiaca
57202	rpmA	Stigmatella_aurantiaca
57213	serS	Stigmatella_aurantiaca
57224	rfbA	Stigmatella_aurantiaca
57233	rplP	Stigmatella_aurantiaca
57241	gcvH	Stigmatella_aurantiaca
57244	fumC	Stigmatella_aurantiaca
57246	atpD	Stigmatella_aurantiaca
57258	rplD	Stigmatella_aurantiaca
57275	gcvT	Stigmatella_aurantiaca
57294	rplK	Stigmatella_aurantiaca
57327	argG	Stigmatella_aurantiaca
57355	adk	Stigmatella_aurantiaca
57356	acnA	Stigmatella_aurantiaca
57366	rpoA	Stigmatella_aurantiaca
57367	rplQ	Stigmatella_aurantiaca
57372	leuS	Stigmatella_aurantiaca
57378	nusA	Stigmatella_aurantiaca
57398	glgB	Stigmatella_aurantiaca
57407	gyrB	Stigmatella_aurantiaca
57411	glyA	Stigmatella_aurantiaca
57421	pgk	Stigmatella_aurantiaca
57422	argC	Stigmatella_aurantiaca
57424	aroC	Stigmatella_aurantiaca
57425	rho	Stigmatella_aurantiaca
57433	secA	Stigmatella_aurantiaca
57442	tal	Stigmatella_aurantiaca
57445	purL	Stigmatella_aurantiaca
57463	etfB	Stigmatella_aurantiaca
57472	gltA	Stigmatella_aurantiaca
57474	fabF	Stigmatella_aurantiaca
57477	clpX	Stigmatella_aurantiaca
57480	atpF	Stigmatella_aurantiaca
57531	gltX	Stigmatella_aurantiaca
57536	metG	Stigmatella_aurantiaca
57550	valS	Stigmatella_aurantiaca
57563	rplV	Stigmatella_aurantiaca
57629	asd	Stigmatella_aurantiaca
57647	infB	Stigmatella_aurantiaca
57663	nusG	Stigmatella_aurantiaca
57695	carB	Stigmatella_aurantiaca
57703	frr	Stigmatella_aurantiaca
57730	rplN	Stigmatella_aurantiaca
57743	atpA	Stigmatella_aurantiaca
57758	murE	Stigmatella_aurantiaca
57761	pdhA	Stigmatella_aurantiaca
57764	nuoD	Stigmatella_aurantiaca
57775	cysK	Stigmatella_aurantiaca
57798	rpsS	Stigmatella_aurantiaca
57880	lon	Stigmatella_aurantiaca
57890	glmU	Stigmatella_aurantiaca
57973	tyrS	Stigmatella_aurantiaca
58014	glyS	Stigmatella_aurantiaca
58018	topA	Stigmatella_aurantiaca
58058	pfkA	Stigmatella_aurantiaca
58176	rpsE	Stigmatella_aurantiaca
58177	rplI	Stigmatella_aurantiaca
58196	rsfS	Stigmatella_aurantiaca
58254	rpsP	Stigmatella_aurantiaca
58256	rpsO	Stigmatella_aurantiaca
58258	rplF	Stigmatella_aurantiaca
58268	rpsI	Stigmatella_aurantiaca
58270	argH	Stigmatella_aurantiaca
58323	pdxH	Stigmatella_aurantiaca
58568	nusB	Stigmatella_aurantiaca
58581	pheT	Stigmatella_aurantiaca
58606	typA	Stigmatella_aurantiaca
58700	gatC	Stigmatella_aurantiaca
58877	groEL	Streptomyces_griseorubens
58901	ALB	Streptomyces_griseorubens
58947	eno	Streptomyces_griseorubens
58973	pgk	Streptomyces_griseorubens
59017	fusA	Streptomyces_griseorubens
59067	glpK	Streptomyces_griseorubens
59219	rpsA	Streptomyces_griseorubens
59300	dnaK	Streptomyces_griseorubens
59710	acnA	Streptomyces_griseorubens
59772	glmU	Streptomyces_griseorubens
60128	prfA	Sulfobacillus_thermosulfidooxidans
60131	groL	Sulfobacillus_thermosulfidooxidans
60133	rplL	Sulfobacillus_thermosulfidooxidans
60138	polA	Sulfobacillus_thermosulfidooxidans
60139	ppa	Sulfobacillus_thermosulfidooxidans
60141	rplF	Sulfobacillus_thermosulfidooxidans
60148	purD	Sulfobacillus_thermosulfidooxidans
60161	menB	Sulfobacillus_thermosulfidooxidans
60163	rpsI	Sulfobacillus_thermosulfidooxidans
60165	ftsZ	Sulfobacillus_thermosulfidooxidans
60167	dnaK	Sulfobacillus_thermosulfidooxidans
60177	efp	Sulfobacillus_thermosulfidooxidans
60183	tal	Sulfobacillus_thermosulfidooxidans
60187	tuf	Sulfobacillus_thermosulfidooxidans
60192	tsf	Sulfobacillus_thermosulfidooxidans
60196	acpP	Sulfobacillus_thermosulfidooxidans
60202	zwf	Sulfobacillus_thermosulfidooxidans
60206	pdxS	Sulfobacillus_thermosulfidooxidans
60212	mdh	Sulfobacillus_thermosulfidooxidans
60213	glyS	Sulfobacillus_thermosulfidooxidans
60220	glyA	Sulfobacillus_thermosulfidooxidans
60248	lon	Sulfobacillus_thermosulfidooxidans
60261	der	Sulfobacillus_thermosulfidooxidans
60269	gpmI	Sulfobacillus_thermosulfidooxidans
60270	ileS	Sulfobacillus_thermosulfidooxidans
60271	mreB	Sulfobacillus_thermosulfidooxidans
60274	rpsB	Sulfobacillus_thermosulfidooxidans
60278	ilvC	Sulfobacillus_thermosulfidooxidans
60281	eno	Sulfobacillus_thermosulfidooxidans
60288	atpD	Sulfobacillus_thermosulfidooxidans
60302	clpX	Sulfobacillus_thermosulfidooxidans
60304	rpmA	Sulfobacillus_thermosulfidooxidans
60312	cysK	Sulfobacillus_thermosulfidooxidans
60313	fusA	Sulfobacillus_thermosulfidooxidans
60343	sucD	Sulfobacillus_thermosulfidooxidans
60349	valS	Sulfobacillus_thermosulfidooxidans
60355	greA	Sulfobacillus_thermosulfidooxidans
60371	glnA	Sulfobacillus_thermosulfidooxidans
60387	clpB	Sulfobacillus_thermosulfidooxidans
60393	nuoD	Sulfobacillus_thermosulfidooxidans
60403	rplC	Sulfobacillus_thermosulfidooxidans
60442	rpsE	Sulfobacillus_thermosulfidooxidans
60447	nusG	Sulfobacillus_thermosulfidooxidans
60456	ilvE	Sulfobacillus_thermosulfidooxidans
60459	argH	Sulfobacillus_thermosulfidooxidans
60469	hisS	Sulfobacillus_thermosulfidooxidans
60475	recA	Sulfobacillus_thermosulfidooxidans
60478	purA	Sulfobacillus_thermosulfidooxidans
60481	rpsD	Sulfobacillus_thermosulfidooxidans
60489	tpiA	Sulfobacillus_thermosulfidooxidans
60521	proS	Sulfobacillus_thermosulfidooxidans
60533	adk	Sulfobacillus_thermosulfidooxidans
60537	purL	Sulfobacillus_thermosulfidooxidans
60539	gatB	Sulfobacillus_thermosulfidooxidans
60546	glpK	Sulfobacillus_thermosulfidooxidans
60548	ffh	Sulfobacillus_thermosulfidooxidans
60561	trpB	Sulfobacillus_thermosulfidooxidans
60564	rpoA	Sulfobacillus_thermosulfidooxidans
60577	sucC	Sulfobacillus_thermosulfidooxidans
60595	gap	Sulfobacillus_thermosulfidooxidans
60601	acnA	Sulfobacillus_thermosulfidooxidans
60602	glmU	Sulfobacillus_thermosulfidooxidans
60608	aroC	Sulfobacillus_thermosulfidooxidans
60612	rpoB	Sulfobacillus_thermosulfidooxidans
60618	aspS	Sulfobacillus_thermosulfidooxidans
60640	rplW	Sulfobacillus_thermosulfidooxidans
60647	pgl	Sulfobacillus_thermosulfidooxidans
60654	guaA	Sulfobacillus_thermosulfidooxidans
60672	dapB	Sulfobacillus_thermosulfidooxidans
60677	murD	Sulfobacillus_thermosulfidooxidans
60682	rplP	Sulfobacillus_thermosulfidooxidans
60720	ispG	Sulfobacillus_thermosulfidooxidans
60748	panB	Sulfobacillus_thermosulfidooxidans
60759	guaB	Sulfobacillus_thermosulfidooxidans
60787	pgk	Sulfobacillus_thermosulfidooxidans
60792	fabF	Sulfobacillus_thermosulfidooxidans
60822	upp	Sulfobacillus_thermosulfidooxidans
60838	typA	Sulfobacillus_thermosulfidooxidans
60853	rplJ	Sulfobacillus_thermosulfidooxidans
60856	rplA	Sulfobacillus_thermosulfidooxidans
60873	infB	Sulfobacillus_thermosulfidooxidans
60874	argG	Sulfobacillus_thermosulfidooxidans
60949	thrC	Sulfobacillus_thermosulfidooxidans
60960	rplK	Sulfobacillus_thermosulfidooxidans
60979	metG	Sulfobacillus_thermosulfidooxidans
60991	tig	Sulfobacillus_thermosulfidooxidans
61003	coaBC	Sulfobacillus_thermosulfidooxidans
61071	rplB	Sulfobacillus_thermosulfidooxidans
61116	aroA	Sulfobacillus_thermosulfidooxidans
61240	rplE	Sulfobacillus_thermosulfidooxidans
61249	clpP	Sulfobacillus_thermosulfidooxidans
61380	frr	Sulfobacillus_thermosulfidooxidans
61404	rplI	Sulfobacillus_thermosulfidooxidans
61441	rpoC	Sulfobacillus_thermosulfidooxidans
61444	secA	Sulfobacillus_thermosulfidooxidans
61486	leuS	Sulfobacillus_thermosulfidooxidans
61518	tyrS	Sulfobacillus_thermosulfidooxidans
61618	pnp	Sulfobacillus_thermosulfidooxidans
61620	atpH	Sulfobacillus_thermosulfidooxidans
61635	hemE	Sulfobacillus_thermosulfidooxidans
61660	atpC	Sulfobacillus_thermosulfidooxidans
61690	rpsP	Sulfobacillus_thermosulfidooxidans
61707	pepA	Sulfobacillus_thermosulfidooxidans
61767	nusA	Sulfobacillus_thermosulfidooxidans
62015	serS	Sulfobacillus_thermosulfidooxidans
62078	alaS	Sulfobacillus_thermosulfidooxidans
62121	gcvT	Sulfobacillus_thermosulfidooxidans
62124	rplR	Sulfobacillus_thermosulfidooxidans
62366	ribH	Sulfobacillus_thermosulfidooxidans
62382	hslU	Sulfobacillus_thermosulfidooxidans
62475	rpe	Sulfobacillus_thermosulfidooxidans
